"","x"
"1",0.00501275150276061
"2",0.00100746476280973
"3",0.0102761405806592
"4",0.00604478857685838
"5",0.00761195598567351
"6",0.00387778889836198
"7",0.000248967670034143
"8",0.0025063757513803
"9",0.0073401004147566
"10",0.00230924507430545
"11",0.00277733529207007
"12",0.000838868618829326
"13",0.00233548649560437
"14",0.00192077394031014
"15",0.00181878594347951
"16",0.00101743966145141
"17",0.00474283411415042
"18",0.00218641288950197
"19",0.00261812498870299
"20",0.00285448349462757
"21",0.00642258786291203
"22",0.00321129393145601
"23",0.00578937497501929
"24",0.00331488405827718
"25",0.00477960027007407
"26",0.00437282577900393
"27",0.00205522811613185
"28",0.00302239428842919
"29",0.000805971810247784
"30",0.00164418249290548
"31",0.00268657270082595
"32",0.00622796398827833
"33",0.00223394360449114
"34",0.00260155457738209
"35",0.00241791543074335
"36",0.00181878594347951
"37",0.00110496135275906
"38",0.00201492952561946
"39",0.0073401004147566
"40",0.000597450033759258
"41",0.00211879187230088
"42",0.00107603566289626
"43",0.00289468748750965
"44",0.00285448349462757
"45",0.00240847044859201
"46",0.00293604016590264
"47",0.00316188940943361
"48",0.00214086262097068
"49",0.00238980013503703
"50",0.000676061880306529
"51",0.00165744202913859
"52",0.00148929573632743
"53",0.00185155686138004
"54",0.00685076038710616
"55",0.0041104562322637
"56",0.000951494498209189
"57",0.00120188778721161
"58",0.000778495498534791
"59",0.00761195598567351
"60",0.0114179339785103
"61",0.00138866764603503
"62",0.00289468748750965
"63",0.0025063757513803
"64",0.00136107822260387
"65",0.00253731866189117
"66",0.00109320644475098
"67",0.0073401004147566
"68",0.00100255030055212
"69",0.00082209124645274
"70",0.00120895771537168
"71",0.00289468748750965
"72",0.00604478857685838
"73",0.00139811436471554
"74",0.00120895771537168
"75",0.0141739870078059
"76",0.00115462253715272
"77",0.00231792644676524
"78",0.00419434309414663
"79",0.00513807029032962
"80",0.00685076038710616
"81",0.0013090624943515
"82",0.000602706192414032
"83",0.000540849504245223
"84",0.000375041627031359
"85",0.00169154577459411
"86",0.00685076038710616
"87",0.00761195598567351
"88",0.0120895771537168
"89",0.00604478857685838
"90",0.00119490006751852
"91",0.00685076038710616
"92",0.00121611131132062
"93",0.00622796398827833
"94",0.00229634426383447
"95",0.000658726960298669
"96",0.0141739870078059
"97",0.00281538098100253
"98",0.0012233500691261
"99",0.00137015207742123
"100",0.00708699350390293
"101",0.00331488405827718
"102",0.00111093411682803
"103",0.0102761405806592
"104",0.00555467058414013
"105",0.0097868005530088
"106",0.0158094470471681
"107",0.0128451757258241
"108",0.00662976811655435
"109",0.00604478857685838
"110",0.00570896698925514
"111",0.0085634504838827
"112",0.00467097299120875
"113",0.000921626957906659
"114",0.00587208033180528
"115",0.0082209124645274
"116",0.0048934002765044
"117",0.00477960027007407
"118",0.00467097299120875
"119",0.0146802008295132
"120",0.0120895771537168
"121",0.0118570852853761
"122",0.00604478857685838
"123",0.00306750465094306
"124",0.00526981568238936
"125",0.00540849504245223
"126",0.00141739870078059
"127",0.0085634504838827
"128",0.00380597799283676
"129",0.00913434718280822
"130",0.00456717359140411
"131",0.0073401004147566
"132",0.0120895771537168
"133",0.00708699350390293
"134",0.00295716275702424
"135",0.00526981568238936
"136",0.00662976811655435
"137",0.00642258786291203
"138",0.00587208033180528
"139",0.00238980013503703
"140",0.0102761405806592
"141",0.00642258786291203
"142",0.00662976811655435
"143",0.00513807029032962
"144",0.0041104562322637
"145",0.00467097299120875
"146",0.00868406246252894
"147",0.00467097299120875
"148",0.00437282577900393
"149",0.00635637561690263
"150",0.0141739870078059
"151",0.00477960027007407
"152",0.000575694150176989
"153",0.00805971810247784
"154",0.00805971810247784
"155",0.0071861122941673
"156",0.00642258786291203
"157",0.00387778889836198
"158",0.00642258786291203
"159",0.00467097299120875
"160",0.0041104562322637
"161",0.0048934002765044
"162",0.00477960027007407
"163",0.00437282577900393
"164",0.00185155686138004
"165",0.00297859147265485
"166",0.00326226685100293
"167",0.00467097299120875
"168",0.00402985905123892
"169",0.00526981568238936
"170",0.0146802008295132
"171",0.0137015207742123
"172",0.00587208033180528
"173",0.00467097299120875
"174",0.00696687496993847
"175",0.00306750465094306
"176",0.00311398199413917
"177",0.0146802008295132
"178",0.00790472352358403
"179",0.00446788720898228
"180",0.0097868005530088
"181",0.00570896698925514
"182",0.0085634504838827
"183",0.0082209124645274
"184",0.0082209124645274
"185",0.0102761405806592
"186",0.00662976811655435
"187",0.0100255030055212
"188",0.00395236176179202
"189",0.0108169900849045
"190",0.00395236176179202
"191",0.0082209124645274
"192",0.00437282577900393
"193",0.00467097299120875
"194",0.00604478857685838
"195",0.00550507531106745
"196",0.00563076196200507
"197",0.00380597799283676
"198",0.00172708245053097
"199",0.00428172524194135
"200",0.00220992270551812
"201",0.0073401004147566
"202",0.00190298899641838
"203",0.00348343748496924
"204",0.00446788720898228
"205",0.00190298899641838
"206",0.00685076038710616
"207",0.0114179339785103
"208",0.0117441606636106
"209",0.00387778889836198
"210",0.00387778889836198
"211",0.00526981568238936
"212",0.00165744202913859
"213",0.000707885688679167
"214",0.00360566336163482
"215",0.000319631122260008
"216",0.00380597799283676
"217",0.00197618088089601
"218",0.00587208033180528
"219",0.00513807029032962
"220",0.00178715488359291
"221",0.00148929573632743
"222",0.00311398199413917
"223",0.0137015207742123
"224",0.0111093411682803
"225",0.00175660522746312
"226",0.00311398199413917
"227",0.00155699099706958
"228",0.00326226685100293
"229",0.00297859147265485
"230",0.00241791543074335
"231",0.000969447224590495
"232",0.0024467001382522
"233",0.00311398199413917
"234",0.00132595362331087
"235",0.0073401004147566
"236",0.00169853563316682
"237",0.00380597799283676
"238",0.00336922641988828
"239",0.00477960027007407
"240",0.00158094470471681
"241",0.00321129393145601
"242",0.0025063757513803
"243",0.00211879187230088
"244",0.00893577441796456
"245",0.00348343748496924
"246",0.00425219610234176
"247",0.00169853563316682
"248",0.00136107822260387
"249",0.00114179339785103
"250",0.0093419459824175
"251",0.0114179339785103
"252",0.0117441606636106
"253",0.00370311372276009
"254",0.00662976811655435
"255",0.0073401004147566
"256",0.00477960027007407
"257",0.0117441606636106
"258",0.00137934772894755
"259",0.00474283411415042
"260",0.000832076160377267
"261",0.0013090624943515
"262",0.00402985905123892
"263",0.00321129393145601
"264",0.00446788720898228
"265",0.00210792627295574
"266",0.00102250155031435
"267",0.00208652600622523
"268",0.00107043131048534
"269",0.00192077394031014
"270",0.000893577441796456
"271",0.00102761405806592
"272",0.00260155457738209
"273",0.00893577441796456
"274",0.0085634504838827
"275",0.00893577441796456
"276",0.000727514377391805
"277",0.000889709141182619
"278",0.00446788720898228
"279",0.0128451757258241
"280",0.0073401004147566
"281",0.00513807029032962
"282",0.00507463732378234
"283",0.00143722245883346
"284",0.00182686943656164
"285",0.00790472352358403
"286",0.00098101580722284
"287",0.00446788720898228
"288",0.00501275150276061
"289",0.00326226685100293
"290",0.00274030415484247
"291",0.0048934002765044
"292",0.00513807029032962
"293",0.00662976811655435
"294",0.000689673864473775
"295",0.00446788720898228
"296",0.00360566336163482
"297",0.00302239428842919
"298",0.00260155457738209
"299",0.00274030415484247
"300",0.00387778889836198
"301",0.00380597799283676
"302",0.00318640018004938
"303",0.00177174837597573
"304",0.00311398199413917
"305",0.00540849504245223
"306",0.00354349675195146
"307",0.00395236176179202
"308",0.00216339801698089
"309",0.00402985905123892
"310",0.00321129393145601
"311",0.00260155457738209
"312",0.0131184773370118
"313",0.00348343748496924
"314",0.00604478857685838
"315",0.00893577441796456
"316",0.00124559279765567
"317",0.0041104562322637
"318",0.00185155686138004
"319",0.000532442517132603
"320",0.000479074152944487
"321",0.00103799399804639
"322",0.00477960027007407
"323",0.00360566336163482
"324",0.00360566336163482
"325",0.00395236176179202
"326",0.00437282577900393
"327",0.00437282577900393
"328",0.00269243858008539
"329",0.000835458583793435
"330",0.00336922641988828
"331",0.00293604016590264
"332",0.00354349675195146
"333",0.0036700502073783
"334",0.00336922641988828
"335",0.00274030415484247
"336",0.00293604016590264
"337",0.00302239428842919
"338",0.00578937497501929
"339",0.0048934002765044
"340",0.00174171874248462
"341",0.0007473556785934
"342",0.000755598572107297
"343",0.000793524369162876
"344",0.00526981568238936
"345",0.00570896698925514
"346",0.0105396313647787
"347",0.00526981568238936
"348",0.00211879187230088
"349",0.00380597799283676
"350",0.00225849243530972
"351",0.00336922641988828
"352",0.00456717359140411
"353",0.00210792627295574
"354",0.00395236176179202
"355",0.0073401004147566
"356",0.00955920054014813
"357",0.00193889444918099
"358",0.00236233116796764
"359",0.00311398199413917
"360",0.00563076196200507
"361",0.00685076038710616
"362",0.00761195598567351
"363",0.00306750465094306
"364",0.00467097299120875
"365",0.0143388008102222
"366",0.00285448349462757
"367",0.00274030415484247
"368",0.00662976811655435
"369",0.00446788720898228
"370",0.0036700502073783
"371",0.00526981568238936
"372",0.00685076038710616
"373",0.00289468748750965
"374",0.00642258786291203
"375",0.0041104562322637
"376",0.00321129393145601
"377",0.00893577441796456
"378",0.00321129393145601
"379",0.00297859147265485
"380",0.00270424752122612
"381",0.00137934772894755
"382",0.00110496135275906
"383",0.00540849504245223
"384",0.000450707920204353
"385",0.00114817213191723
"386",0.00270424752122612
"387",0.00105396313647787
"388",0.0116333666950859
"389",0.00209717154707332
"390",0.00208652600622523
"391",0.000512525714746097
"392",0.00178715488359291
"393",0.00073401004147566
"394",0.000897479526695131
"395",0.00501275150276061
"396",0.000838868618829326
"397",0.000741959608711859
"398",0.000713620873656892
"399",0.00143221471507446
"400",0.000660845053418601
"401",0.00123808922658545
"402",0.000604478857685838
"403",0.00501275150276061
"404",0.000574086065958617
"405",0.000570896698925514
"406",0.000450707920204353
"407",0.000451698487061945
"408",0.00164418249290548
"409",0.00202685218553437
"410",0.00191480880384955
"411",0.00479353496473901
"412",0.00513807029032962
"413",0.00622796398827833
"414",0.000310457419355264
"415",0.00238980013503703
"416",0.00175660522746312
"417",0.00363757188695902
"418",0.00164418249290548
"419",0.00428172524194135
"420",0.00419434309414663
"421",0.0100255030055212
"422",0.00348343748496924
"423",0.00437282577900393
"424",0.0093419459824175
"425",0.00761195598567351
"426",0.00505383962983242
"427",0.00477960027007407
"428",0.00241791543074335
"429",0.00526981568238936
"430",0.00790472352358403
"431",0.0093419459824175
"432",0.0093419459824175
"433",0.00232229165664616
"434",0.0082209124645274
"435",0.00348343748496924
"436",0.000652453370200587
"437",0.0097868005530088
"438",0.00540849504245223
"439",0.0146802008295132
"440",0.00263490784119468
"441",0.00354349675195146
"442",0.00192077394031014
"443",0.0104503124549077
"444",0.00225849243530972
"445",0.00297859147265485
"446",0.00209717154707332
"447",0.00451698487061945
"448",0.00223394360449114
"449",0.00761195598567351
"450",0.00392219106132032
"451",0.00428172524194135
"452",0.00994465217483153
"453",0.00277733529207007
"454",0.00331488405827718
"455",0.00336922641988828
"456",0.00790472352358403
"457",0.00183502510368915
"458",0.00708699350390293
"459",0.00266912742354786
"460",0.00140769049050127
"461",0.00696687496993847
"462",0.0120895771537168
"463",0.00555467058414013
"464",0.0137015207742123
"465",0.00316188940943361
"466",0.00604478857685838
"467",0.00761195598567351
"468",0.00456717359140411
"469",0.00218641288950197
"470",0.0108169900849045
"471",0.00402985905123892
"472",0.00790472352358403
"473",0.0085634504838827
"474",0.0146802008295132
"475",0.0154142108709889
"476",0.00467097299120875
"477",0.0137015207742123
"478",0.00642258786291203
"479",0.00456717359140411
"480",0.00790472352358403
"481",0.00428172524194135
"482",0.00181878594347951
"483",0.00805971810247784
"484",0.003736778392967
"485",0.00331488405827718
"486",0.00326226685100293
"487",0.003736778392967
"488",0.00274030415484247
"489",0.00342538019355308
"490",0.00437282577900393
"491",0.00354349675195146
"492",0.0073401004147566
"493",0.00387778889836198
"494",0.0137015207742123
"495",0.00790472352358403
"496",0.0108169900849045
"497",0.00555467058414013
"498",0.00540849504245223
"499",0.00270424752122612
"500",0.00893577441796456
"501",0.00587208033180528
"502",0.00437282577900393
"503",0.00622796398827833
"504",0.00540849504245223
"505",0.0141739870078059
"506",0.00153375232547153
"507",0.0048934002765044
"508",0.0102761405806592
"509",0.00161194362049557
"510",0.0046184901486109
"511",0.0342538019355308
"512",0.0085634504838827
"513",0.0041104562322637
"514",0.00342538019355308
"515",0.00233548649560437
"516",0.0024467001382522
"517",0.00604478857685838
"518",0.00205522811613185
"519",0.00456717359140411
"520",0.0102761405806592
"521",0.018683891964835
"522",0.00302239428842919
"523",0.0120895771537168
"524",0.0128451757258241
"525",0.0146802008295132
"526",0.00604478857685838
"527",0.00570896698925514
"528",0.00893577441796456
"529",0.00178715488359291
"530",0.00169853563316682
"531",0.0171269009677654
"532",0.00622796398827833
"533",0.0073401004147566
"534",0.0018683891964835
"535",0.0308284217419777
"536",0.00395236176179202
"537",0.00230924507430545
"538",0.0146802008295132
"539",0.00604478857685838
"540",0.00893577441796456
"541",0.00513807029032962
"542",0.0082209124645274
"543",0.0018683891964835
"544",0.00622796398827833
"545",0.0082209124645274
"546",0.0120895771537168
"547",0.00152994648843562
"548",0.0082209124645274
"549",0.0097868005530088
"550",0.0158094470471681
"551",0.00893577441796456
"552",0.00540849504245223
"553",0.00770710543549443
"554",0.00109127156608771
"555",0.00148929573632743
"556",0.00293604016590264
"557",0.00642258786291203
"558",0.00311398199413917
"559",0.0117441606636106
"560",0.0132595362331087
"561",0.00419434309414663
"562",0.00214086262097068
"563",0.00285448349462757
"564",0.00270424752122612
"565",0.00297859147265485
"566",0.00277733529207007
"567",0.00662976811655435
"568",0.0141739870078059
"569",0.00387778889836198
"570",0.0146802008295132
"571",0.00241791543074335
"572",0.00266912742354786
"573",0.00156887642452813
"574",0.000849267816583409
"575",0.0082209124645274
"576",0.0212609805117088
"577",0.00155699099706958
"578",0.00166415232075453
"579",0.00336922641988828
"580",0.0012233500691261
"581",0.00302239428842919
"582",0.000793524369162876
"583",0.0114179339785103
"584",0.00236233116796764
"585",0.00363757188695902
"586",0.00145760859300131
"587",0.0073401004147566
"588",0.00190298899641838
"589",0.00137934772894755
"590",0.00211879187230088
"591",0.0171269009677654
"592",0.00685076038710616
"593",0.00348343748496924
"594",0.00119490006751852
"595",0.00274030415484247
"596",0.00387778889836198
"597",0.000302239428842919
"598",0.00140769049050127
"599",0.00360566336163482
"600",0.00321129393145601
"601",0.0134769056795531
"602",0.000658726960298669
"603",0.00446788720898228
"604",0.000336922641988828
"605",0.000340269555650968
"606",0.00477960027007407
"607",0.000353131978716813
"608",0.000628510127257446
"609",0.000637280036009876
"610",0.00402985905123892
"611",0.00477960027007407
"612",0.00570896698925514
"613",0.00306750465094306
"614",0.00127653920256637
"615",0.0036700502073783
"616",0.0085634504838827
"617",0.00274030415484247
"618",0.00428172524194135
"619",0.00761195598567351
"620",0.00437282577900393
"621",0.00548060830968493
"622",0.00402985905123892
"623",0.00167091716758687
"624",0.00501275150276061
"625",0.00167091716758687
"626",0.0048934002765044
"627",0.00302239428842919
"628",0.00118799313071205
"629",0.00622796398827833
"630",0.00146802008295132
"631",0.00160564696572801
"632",0.00167091716758687
"633",0.00188553038177234
"634",0.0013090624943515
"635",0.00158094470471681
"636",0.000955920054014813
"637",0.00696687496993847
"638",0.00495235690634181
"639",0.00336922641988828
"640",0.00360566336163482
"641",0.00118799313071205
"642",0.00230924507430545
"643",0.00225849243530972
"644",0.00107043131048534
"645",0.00171269009677654
"646",0.0036700502073783
"647",0.00100746476280973
"648",0.00790472352358403
"649",0.00171269009677654
"650",0.00321129393145601
"651",0.000983362734991315
"652",0.00187692065400169
"653",0.00289468748750965
"654",0.0048358308614867
"655",0.00233548649560437
"656",0.00173436971825472
"657",0.00441984541103623
"658",0.00555467058414013
"659",0.00134769056795531
"660",0.00217868704890302
"661",0.00387778889836198
"662",0.00380597799283676
"663",0.000600943893605804
"664",0.000569315267626551
"665",0.000451698487061945
"666",0.00080534017089806
"667",0.00642258786291203
"668",0.0093419459824175
"669",0.00570896698925514
"670",0.00513807029032962
"671",0.00555467058414013
"672",0.00336922641988828
"673",0.0102761405806592
"674",0.0085634504838827
"675",0.0102761405806592
"676",0.00446788720898228
"677",0.00289468748750965
"678",0.00216339801698089
"679",0.0212609805117088
"680",0.0102761405806592
"681",0.00348343748496924
"682",0.00387778889836198
"683",0.00136107822260387
"684",0.00199536710304063
"685",0.00143722245883346
"686",0.0025063757513803
"687",0.00241791543074335
"688",0.00128451757258241
"689",0.007473556785934
"690",4.70519257356193e-05
"691",0.000619044613292726
"692",0.000391472022120352
"693",0.000315703243645445
"694",0.0085634504838827
"695",0.000366350822839902
"696",0.00134328635041297
"697",0.00270424752122612
"698",0.0108169900849045
"699",0.00233548649560437
"700",0.00130077728869104
"701",0.00233548649560437
"702",0.00118799313071205
"703",0.0128451757258241
"704",0.0108169900849045
"705",0.0085634504838827
"706",0.00297859147265485
"707",0.00165744202913859
"708",0.00175660522746312
"709",0.00165744202913859
"710",0.00126087614486617
"711",0.00118116558398382
"712",0.000938460327000844
"713",0.0024467001382522
"714",0.0071694004051111
"715",0.00761195598567351
"716",0.00451698487061945
"717",0.00526981568238936
"718",0.00256903514516481
"719",0.00477960027007407
"720",0.00770710543549443
"721",0.00159320009002469
"722",0.0007473556785934
"723",0.00277733529207007
"724",0.00238980013503703
"725",0.000102915779475806
"726",0.00311398199413917
"727",0.00143722245883346
"728",0.0082209124645274
"729",0.00662976811655435
"730",0.00342538019355308
"731",0.00446788720898228
"732",0.00513807029032962
"733",0.00297859147265485
"734",0.00218641288950197
"735",0.00402985905123892
"736",0.0256903514516481
"737",0.00220992270551812
"738",0.018683891964835
"739",0.00578937497501929
"740",0.00180283168081741
"741",0.00380597799283676
"742",0.0025063757513803
"743",0.00536146465077874
"744",0.00233548649560437
"745",0.00348343748496924
"746",0.00336922641988828
"747",0.00592854264268803
"748",0.00302239428842919
"749",0.00281538098100253
"750",0.0046184901486109
"751",0.00507463732378234
"752",0.00357430976718582
"753",0.00477960027007407
"754",0.00342538019355308
"755",0.00391472022120352
"756",0.00570896698925514
"757",0.00218641288950197
"758",0.0015223911971347
"759",0.00526981568238936
"760",0.000741959608711859
"761",0.00253731866189117
"762",0.00428172524194135
"763",0.00266912742354786
"764",0.00326226685100293
"765",0.0024761784531709
"766",0.00604478857685838
"767",0.00513807029032962
"768",0.0137015207742123
"769",0.0102761405806592
"770",0.00428172524194135
"771",0.0025063757513803
"772",0.00342538019355308
"773",0.00274030415484247
"774",0.0128451757258241
"775",0.00342538019355308
"776",0.00446788720898228
"777",0.00428172524194135
"778",0.0220203012442698
"779",0.0015452842978435
"780",0.0128451757258241
"781",0.00387778889836198
"782",0.00289468748750965
"783",0.00241791543074335
"784",0.00321129393145601
"785",0.00306750465094306
"786",0.00295716275702424
"787",0.00555467058414013
"788",0.00456717359140411
"789",0.00419434309414663
"790",0.00263490784119468
"791",0.0041104562322637
"792",0.00167091716758687
"793",0.00533825484709571
"794",0.00321129393145601
"795",0.00203487932290282
"796",0.00223394360449114
"797",0.00270424752122612
"798",0.012233500691261
"799",0.00203487932290282
"800",0.00285448349462757
"801",0.00708699350390293
"802",0.0025063757513803
"803",0.00642258786291203
"804",0.00629151464121995
"805",0.00336922641988828
"806",0.00216339801698089
"807",0.00195736011060176
"808",0.00205522811613185
"809",0.00391472022120352
"810",0.00425219610234176
"811",0.00123808922658545
"812",0.00109320644475098
"813",0.00112924621765486
"814",0.00126087614486617
"815",0.00263490784119468
"816",0.00225849243530972
"817",0.00173436971825472
"818",0.00270424752122612
"819",0.00180283168081741
"820",0.00184325391581332
"821",0.00610463796870846
"822",0.00233548649560437
"823",0.00883969082207247
"824",0.0164418249290548
"825",0.00285448349462757
"826",0.00214086262097068
"827",0.00321129393145601
"828",0.00441984541103623
"829",0.0146802008295132
"830",0.00790472352358403
"831",0.0093419459824175
"832",0.0048934002765044
"833",0.00197618088089601
"834",0.00293604016590264
"835",0.00281538098100253
"836",0.0015452842978435
"837",0.00342538019355308
"838",0.00555467058414013
"839",0.00657672997162192
"840",0.00201492952561946
"841",0.018683891964835
"842",0.00190298899641838
"843",0.00216339801698089
"844",0.0082209124645274
"845",0.00293604016590264
"846",0.0097868005530088
"847",0.00477960027007407
"848",0.00721132672326965
"849",0.00642258786291203
"850",0.00477960027007407
"851",0.00642258786291203
"852",0.0082209124645274
"853",0.0036700502073783
"854",0.00477960027007407
"855",0.00326226685100293
"856",0.0024761784531709
"857",0.00311398199413917
"858",0.00270424752122612
"859",0.00209717154707332
"860",0.00477960027007407
"861",0.0178715488359291
"862",0.00587208033180528
"863",0.00159320009002469
"864",0.00402985905123892
"865",0.00297859147265485
"866",0.00277733529207007
"867",0.00446788720898228
"868",0.00266912742354786
"869",0.00163113342550147
"870",0.00155699099706958
"871",0.00622796398827833
"872",0.0024467001382522
"873",0.00402985905123892
"874",0.00207598799609278
"875",0.00708699350390293
"876",0.00180283168081741
"877",0.00384154788062028
"878",0.0146802008295132
"879",0.0048934002765044
"880",0.00428172524194135
"881",0.00321129393145601
"882",0.00725374629223005
"883",0.0015452842978435
"884",0.003736778392967
"885",0.00348343748496924
"886",0.00456717359140411
"887",0.003736778392967
"888",0.00209717154707332
"889",0.00321129393145601
"890",0.00587208033180528
"891",0.00185155686138004
"892",0.00838868618829326
"893",0.00495235690634181
"894",0.00446788720898228
"895",0.0128451757258241
"896",0.00595718294530971
"897",0.00761195598567351
"898",0.0024467001382522
"899",0.0110101506221349
"900",0.00587208033180528
"901",0.0041104562322637
"902",0.00402985905123892
"903",0.00380597799283676
"904",0.00604478857685838
"905",0.0285448349462757
"906",0.00587208033180528
"907",0.00540849504245223
"908",0.00526981568238936
"909",0.0134036616269468
"910",0.00331488405827718
"911",0.0111093411682803
"912",0.00685076038710616
"913",0.00306750465094306
"914",0.0082209124645274
"915",0.00274030415484247
"916",0.00587208033180528
"917",0.00311398199413917
"918",0.00256903514516481
"919",0.00181878594347951
"920",0.00218641288950197
"921",0.00685076038710616
"922",0.00114817213191723
"923",0.00167091716758687
"924",0.00513807029032962
"925",0.00437282577900393
"926",0.0218641288950197
"927",0.00604478857685838
"928",0.00456717359140411
"929",0.00171269009677654
"930",0.00218641288950197
"931",0.00331488405827718
"932",0.00391472022120352
"933",0.00513807029032962
"934",0.00513807029032962
"935",0.00501275150276061
"936",0.00302239428842919
"937",0.00142724174731378
"938",0.00456717359140411
"939",0.00360566336163482
"940",0.00622796398827833
"941",0.00395236176179202
"942",0.00456717359140411
"943",0.00501275150276061
"944",0.00395236176179202
"945",0.00555467058414013
"946",0.00171269009677654
"947",0.00893577441796456
"948",0.00402985905123892
"949",0.0154142108709889
"950",0.00274030415484247
"951",0.00402985905123892
"952",0.00463585289353049
"953",0.0228358679570205
"954",0.00613500930188612
"955",0.0139337499398769
"956",0.00380597799283676
"957",0.000622796398827833
"958",0.00570896698925514
"959",0.0036700502073783
"960",0.0082209124645274
"961",0.00195736011060176
"962",0.00467097299120875
"963",0.0102761405806592
"964",0.0085634504838827
"965",0.00137934772894755
"966",0.0082209124645274
"967",0.00662976811655435
"968",0.00293604016590264
"969",0.0100255030055212
"970",0.00570896698925514
"971",0.0041104562322637
"972",0.00446788720898228
"973",0.00446788720898228
"974",0.00180283168081741
"975",0.00456717359140411
"976",0.00446788720898228
"977",0.00477960027007407
"978",0.00380597799283676
"979",0.00632377881886723
"980",0.00336922641988828
"981",0.0041104562322637
"982",0.00437282577900393
"983",0.00635637561690263
"984",0.00805971810247784
"985",0.00380597799283676
"986",0.0101076792596648
"987",0.00587208033180528
"988",0.003736778392967
"989",0.00281538098100253
"990",0.0053152451279272
"991",0.0171269009677654
"992",0.0119143658906194
"993",0.0513807029032962
"994",0.0164418249290548
"995",0.0097868005530088
"996",0.0342538019355308
"997",0.00761195598567351
"998",0.00570896698925514
"999",0.000468161302080148
"1000",0.0158094470471681
"1001",0.0293604016590264
"1002",0.00297859147265485
"1003",0.0274030415484247
"1004",0.00402985905123892
"1005",0.00477960027007407
"1006",0.00446788720898228
"1007",0.0293604016590264
"1008",0.0158094470471681
"1009",0.0024761784531709
"1010",0.00604478857685838
"1011",0.0048358308614867
"1012",0.00604478857685838
"1013",0.00297859147265485
"1014",0.00587208033180528
"1015",0.00408323466781162
"1016",0.0120895771537168
"1017",0.0102761405806592
"1018",0.0097868005530088
"1019",0.00501275150276061
"1020",0.00456717359140411
"1021",0.00428172524194135
"1022",0.00893577441796456
"1023",0.00456717359140411
"1024",0.0082209124645274
"1025",0.0128451757258241
"1026",0.00147858137851212
"1027",0.000838868618829326
"1028",0.0114179339785103
"1029",0.00642258786291203
"1030",0.0146802008295132
"1031",0.00437282577900393
"1032",0.00195736011060176
"1033",0.00380597799283676
"1034",0.00501275150276061
"1035",0.0018683891964835
"1036",0.00207598799609278
"1037",0.0212609805117088
"1038",0.0120895771537168
"1039",0.00642258786291203
"1040",0.00395236176179202
"1041",0.00513807029032962
"1042",0.00739290689256061
"1043",0.0241791543074335
"1044",0.00159320009002469
"1045",0.00339707126633363
"1046",0.00555467058414013
"1047",0.00662976811655435
"1048",0.00893577441796456
"1049",0.00540849504245223
"1050",0.0102761405806592
"1051",0.00642258786291203
"1052",0.00417729291896717
"1053",0.00501275150276061
"1054",0.0093419459824175
"1055",0.0171269009677654
"1056",0.00893577441796456
"1057",0.00761195598567351
"1058",0.03736778392967
"1059",0.00187406819100169
"1060",0.00622796398827833
"1061",0.0102761405806592
"1062",0.0073401004147566
"1063",0.0132595362331087
"1064",0.00761195598567351
"1065",0.00642258786291203
"1066",0.000577311268576362
"1067",0.0128451757258241
"1068",0.00316188940943361
"1069",0.0158094470471681
"1070",0.00708699350390293
"1071",0.0137015207742123
"1072",0.00790472352358403
"1073",0.0102761405806592
"1074",0.00289468748750965
"1075",0.00354349675195146
"1076",0.00555467058414013
"1077",0.000676061880306529
"1078",0.000736640901839372
"1079",0.00761195598567351
"1080",0.0128451757258241
"1081",0.0228358679570205
"1082",0.00632377881886723
"1083",0.00893577441796456
"1084",0.0085634504838827
"1085",0.0082209124645274
"1086",0.00622796398827833
"1087",0.0171269009677654
"1088",0.00513807029032962
"1089",0.00354349675195146
"1090",0.0085634504838827
"1091",0.00402985905123892
"1092",0.00380597799283676
"1093",0.00526981568238936
"1094",0.00526981568238936
"1095",0.0116333666950859
"1096",0.000620914838710528
"1097",0.0093419459824175
"1098",0.0158094470471681
"1099",0.00587208033180528
"1100",0.0120895771537168
"1101",0.0117441606636106
"1102",0.0158094470471681
"1103",0.00662976811655435
"1104",0.00893577441796456
"1105",0.0093419459824175
"1106",0.0082209124645274
"1107",0.00446788720898228
"1108",0.0082209124645274
"1109",0.00642258786291203
"1110",0.00103277794780495
"1111",0.0131184773370118
"1112",0.00570896698925514
"1113",0.00944932467187057
"1114",0.00348343748496924
"1115",0.0171269009677654
"1116",0.015223911971347
"1117",0.00120895771537168
"1118",0.0158094470471681
"1119",0.0097868005530088
"1120",0.0102761405806592
"1121",0.0120895771537168
"1122",0.0171269009677654
"1123",0.0073401004147566
"1124",0.00253731866189117
"1125",0.0205522811613185
"1126",0.00761195598567351
"1127",0.0048934002765044
"1128",0.0108169900849045
"1129",0.00587208033180528
"1130",0.00263490784119468
"1131",0.00117441606636106
"1132",0.0205522811613185
"1133",0.0178715488359291
"1134",0.0082209124645274
"1135",0.00107603566289626
"1136",0.00395236176179202
"1137",0.00540849504245223
"1138",0.0048934002765044
"1139",0.003736778392967
"1140",0.0093419459824175
"1141",0.00467097299120875
"1142",0.00587208033180528
"1143",0.00513807029032962
"1144",0.00116443519327584
"1145",0.0120895771537168
"1146",0.00138866764603503
"1147",0.00210792627295574
"1148",0.0146802008295132
"1149",0.0085634504838827
"1150",0.000752830811769908
"1151",0.00354349675195146
"1152",0.0093419459824175
"1153",0.0128451757258241
"1154",0.0025063757513803
"1155",0.0048934002765044
"1156",0.0082209124645274
"1157",0.00526981568238936
"1158",0.0120895771537168
"1159",0.00604478857685838
"1160",0.0216339801698089
"1161",0.0082209124645274
"1162",0.00685076038710616
"1163",0.0164418249290548
"1164",0.00540849504245223
"1165",0.00696687496993847
"1166",0.00283479740156117
"1167",0.0085634504838827
"1168",0.00642258786291203
"1169",0.00555467058414013
"1170",0.00696687496993847
"1171",0.00790472352358403
"1172",0.0205522811613185
"1173",0.0158094470471681
"1174",0.0018683891964835
"1175",0.0082209124645274
"1176",0.00456717359140411
"1177",0.0195736011060176
"1178",0.00263490784119468
"1179",0.00233548649560437
"1180",0.0073401004147566
"1181",0.00360566336163482
"1182",0.0041104562322637
"1183",0.00540849504245223
"1184",0.0073401004147566
"1185",0.00278990242008848
"1186",0.000567742573517085
"1187",0.00380597799283676
"1188",0.0097868005530088
"1189",0.000809144927610964
"1190",0.0102761405806592
"1191",0.0120895771537168
"1192",0.00708699350390293
"1193",0.0082209124645274
"1194",0.0105396313647787
"1195",0.00038851193121585
"1196",0.00446788720898228
"1197",0.0073401004147566
"1198",0.0085634504838827
"1199",0.00761195598567351
"1200",0.00241791543074335
"1201",0.00555467058414013
"1202",0.00533825484709571
"1203",0.0024761784531709
"1204",0.00274030415484247
"1205",0.00270424752122612
"1206",0.00423758374460175
"1207",0.00477960027007407
"1208",0.000626593937845076
"1209",0.0120895771537168
"1210",0.00456717359140411
"1211",0.00428172524194135
"1212",0.00467097299120875
"1213",0.00230924507430545
"1214",0.00501275150276061
"1215",0.0093419459824175
"1216",0.00622796398827833
"1217",0.0134769056795531
"1218",0.00431166737650038
"1219",0.00790472352358403
"1220",0.0048934002765044
"1221",0.00143722245883346
"1222",0.0073401004147566
"1223",0.00306750465094306
"1224",0.000522958808176043
"1225",0.000304027827830155
"1226",0.000598610130912189
"1227",0.00105115069315171
"1228",0.000699057182357772
"1229",0.000302239428842919
"1230",0.000549526234259853
"1231",0.00115950810501092
"1232",0.00125471801961651
"1233",0.0024467001382522
"1234",0.00622796398827833
"1235",0.00274030415484247
"1236",0.0046184901486109
"1237",0.00838868618829326
"1238",0.0018683891964835
"1239",0.0024761784531709
"1240",0.00223394360449114
"1241",0.00342538019355308
"1242",0.000478516441474237
"1243",0.0097868005530088
"1244",0.000311870730824256
"1245",0.000194072532212639
"1246",0.00357430976718582
"1247",0.0102761405806592
"1248",0.000319134800641591
"1249",0.0093419459824175
"1250",0.0246627373935822
"1251",0.000740622744552018
"1252",0.0474283411415042
"1253",0.041104562322637
"1254",0.0082209124645274
"1255",0.00402985905123892
"1256",0.000457734547022684
"1257",0.048358308614867
"1258",0.000791233153467507
"1259",0.0093419459824175
"1260",0.00038851193121585
"1261",0.00238980013503703
"1262",0.00216339801698089
"1263",0.000445819547967863
"1264",0.00043915130686578
"1265",0.000406171564452935
"1266",0.000844036187323141
"1267",0.000147858137851212
"1268",0.00662976811655435
"1269",0.00119490006751852
"1270",0.00144395417995212
"1271",0.00216339801698089
"1272",0.00115462253715272
"1273",0.000234080651040074
"1274",0.00216339801698089
"1275",0.00169853563316682
"1276",0.00188553038177234
"1277",0.00177174837597573
"1278",0.00175660522746312
"1279",0.000942765190886169
"1280",0.00134328635041297
"1281",0.000635637561690263
"1282",0.00622796398827833
"1283",0.000788198702255743
"1284",0.000266739534864614
"1285",0.000341400019291005
"1286",0.000176869889512207
"1287",0.000168048087991157
"1288",0.00685076038710616
"1289",0.000148499141339006
"1290",0.000118799313071205
"1291",0.000142724174731378
"1292",0.000531753716981074
"1293",0.000225230478480203
"1294",0.000222909773983932
"1295",0.0048934002765044
"1296",0.000454294455378393
"1297",0.0102761405806592
"1298",0.00790472352358403
"1299",0.00155699099706958
"1300",0.00348343748496924
"1301",0.00642258786291203
"1302",0.00642258786291203
"1303",0.00164418249290548
"1304",0.0073401004147566
"1305",0.00201492952561946
"1306",0.00163113342550147
"1307",0.00136107822260387
"1308",0.00256903514516481
"1309",0.0012233500691261
"1310",0.000870859371242309
"1311",0.000859928082063535
"1312",0.00513807029032962
"1313",0.0158094470471681
"1314",0.000842306604972069
"1315",0.000842306604972069
"1316",0.00240847044859201
"1317",0.00587208033180528
"1318",0.0073401004147566
"1319",0.00205522811613185
"1320",0.000701443043048413
"1321",0.000680539111301937
"1322",0.000706263957433625
"1323",0.00125318787569015
"1324",0.000648336945152003
"1325",0.000532442517132603
"1326",0.0132595362331087
"1327",0.0097868005530088
"1328",0.0082209124645274
"1329",0.000658726960298669
"1330",0.0111093411682803
"1331",0.00708699350390293
"1332",0.0073401004147566
"1333",0.00587208033180528
"1334",0.00526981568238936
"1335",0.00348343748496924
"1336",0.0146802008295132
"1337",0.00132595362331087
"1338",0.0117441606636106
"1339",0.00477960027007407
"1340",0.00348343748496924
"1341",0.00587208033180528
"1342",0.00555467058414013
"1343",0.00218641288950197
"1344",0.00622796398827833
"1345",0.00540849504245223
"1346",0.00283479740156117
"1347",0.0171269009677654
"1348",0.00587208033180528
"1349",0.00540849504245223
"1350",0.00526981568238936
"1351",0.00263490784119468
"1352",0.00236233116796764
"1353",0.00342538019355308
"1354",0.0249118559531133
"1355",0.00770710543549443
"1356",0.00526981568238936
"1357",0.00662976811655435
"1358",0.0102761405806592
"1359",0.00708699350390293
"1360",0.0073401004147566
"1361",0.0132595362331087
"1362",0.00270424752122612
"1363",0.00428172524194135
"1364",0.00402985905123892
"1365",0.00289468748750965
"1366",0.00642258786291203
"1367",0.00662976811655435
"1368",0.00761195598567351
"1369",0.0085634504838827
"1370",0.00526981568238936
"1371",0.0171269009677654
"1372",0.00139811436471554
"1373",0.0120895771537168
"1374",0.00193889444918099
"1375",0.00622796398827833
"1376",0.00790472352358403
"1377",0.0082209124645274
"1378",0.00354349675195146
"1379",0.0102761405806592
"1380",0.00263490784119468
"1381",0.00181878594347951
"1382",0.00109905246851971
"1383",0.00111093411682803
"1384",0.00104326300311261
"1385",0.0178715488359291
"1386",0.00501275150276061
"1387",0.0102761405806592
"1388",0.0114179339785103
"1389",0.003736778392967
"1390",0.00761195598567351
"1391",0.00380597799283676
"1392",0.0093419459824175
"1393",0.0093419459824175
"1394",0.00501275150276061
"1395",0.00587208033180528
"1396",0.00662976811655435
"1397",0.00150016650812544
"1398",0.0082209124645274
"1399",0.0048934002765044
"1400",0.0073401004147566
"1401",0.0048934002765044
"1402",0.00540849504245223
"1403",0.015223911971347
"1404",0.00477960027007407
"1405",0.00570896698925514
"1406",0.0041104562322637
"1407",0.00160564696572801
"1408",0.00270424752122612
"1409",0.00428172524194135
"1410",0.00285448349462757
"1411",0.0041104562322637
"1412",0.00570896698925514
"1413",0.018683891964835
"1414",0.0111093411682803
"1415",0.00761195598567351
"1416",0.00622796398827833
"1417",0.00662976811655435
"1418",0.00587208033180528
"1419",0.000179182922069037
"1420",0.00555467058414013
"1421",0.00131745392059734
"1422",0.00103277794780495
"1423",0.000960386970155069
"1424",0.000184656614207713
"1425",0.00266912742354786
"1426",0.00446788720898228
"1427",0.0685076038710616
"1428",0.00662976811655435
"1429",0.00526981568238936
"1430",0.00402985905123892
"1431",0.00622796398827833
"1432",0.0114179339785103
"1433",0.0256903514516481
"1434",0.00708699350390293
"1435",0.00260155457738209
"1436",0.00139811436471554
"1437",0.00685076038710616
"1438",0.00446788720898228
"1439",0.00501275150276061
"1440",0.00380597799283676
"1441",0.0228358679570205
"1442",0.0131184773370118
"1443",0.0041104562322637
"1444",0.0097868005530088
"1445",0.00428172524194135
"1446",0.00642258786291203
"1447",0.0162254851273567
"1448",0.00708699350390293
"1449",0.00477960027007407
"1450",0.00477960027007407
"1451",0.0048934002765044
"1452",0.0036700502073783
"1453",0.0146802008295132
"1454",0.00437282577900393
"1455",0.00354349675195146
"1456",0.00402985905123892
"1457",0.00446788720898228
"1458",0.00176414430569257
"1459",0.0102761405806592
"1460",0.0082209124645274
"1461",0.00893577441796456
"1462",0.00297859147265485
"1463",0.00790472352358403
"1464",0.00342538019355308
"1465",0.00402985905123892
"1466",0.00428172524194135
"1467",0.00790472352358403
"1468",0.00260155457738209
"1469",0.00370311372276009
"1470",0.00893577441796456
"1471",0.0164418249290548
"1472",0.0097868005530088
"1473",0.00642258786291203
"1474",0.0100255030055212
"1475",0.00613500930188612
"1476",0.00190298899641838
"1477",0.0246627373935822
"1478",0.00302239428842919
"1479",0.0120895771537168
"1480",0.0120895771537168
"1481",0.00467097299120875
"1482",0.00761195598567351
"1483",0.0228358679570205
"1484",0.00761195598567351
"1485",0.00437282577900393
"1486",0.00642258786291203
"1487",0.0097868005530088
"1488",0.00662976811655435
"1489",0.00708699350390293
"1490",0.00285448349462757
"1491",0.0073401004147566
"1492",0.00289468748750965
"1493",0.0093419459824175
"1494",0.0097868005530088
"1495",0.00604478857685838
"1496",0.0128451757258241
"1497",0.0015280506439642
"1498",0.00790472352358403
"1499",0.00116774324780219
"1500",0.00642258786291203
"1501",0.00685076038710616
"1502",0.0085634504838827
"1503",0.0192677635887361
"1504",0.0164418249290548
"1505",0.0137015207742123
"1506",0.0195736011060176
"1507",0.0093419459824175
"1508",0.00331488405827718
"1509",0.00622796398827833
"1510",0.0073401004147566
"1511",0.00555467058414013
"1512",0.00419434309414663
"1513",0.00540849504245223
"1514",0.0073401004147566
"1515",0.00256903514516481
"1516",0.00587208033180528
"1517",0.0158094470471681
"1518",0.000909392971739756
"1519",0.00513807029032962
"1520",0.00642258786291203
"1521",0.00284132919280901
"1522",0.00117441606636106
"1523",0.0073401004147566
"1524",0.0108169900849045
"1525",0.00555467058414013
"1526",0.00652453370200587
"1527",0.00555467058414013
"1528",0.0082209124645274
"1529",0.00540849504245223
"1530",0.00501275150276061
"1531",0.00155699099706958
"1532",0.00893577441796456
"1533",0.0036700502073783
"1534",0.00526981568238936
"1535",0.0114179339785103
"1536",0.00587208033180528
"1537",0.00360566336163482
"1538",0.0082209124645274
"1539",0.00292212528359978
"1540",0.00321129393145601
"1541",0.00761195598567351
"1542",0.00673845283977655
"1543",0.0120895771537168
"1544",0.0105396313647787
"1545",0.0024761784531709
"1546",0.00274030415484247
"1547",0.00115462253715272
"1548",0.000940607833469954
"1549",0.00604478857685838
"1550",0.0128451757258241
"1551",0.0093419459824175
"1552",0.003736778392967
"1553",0.00708699350390293
"1554",0.00604478857685838
"1555",0.00210792627295574
"1556",0.00874565155800787
"1557",0.00761195598567351
"1558",0.00622796398827833
"1559",0.00211879187230088
"1560",0.00477960027007407
"1561",0.0158094470471681
"1562",0.00241791543074335
"1563",0.0124559279765567
"1564",0.000632377881886723
"1565",0.00893577441796456
"1566",0.00232229165664616
"1567",0.00540849504245223
"1568",0.00380597799283676
"1569",0.00604478857685838
"1570",0.00501275150276061
"1571",0.00467097299120875
"1572",0.00446788720898228
"1573",0.00456717359140411
"1574",0.0102761405806592
"1575",0.00211879187230088
"1576",0.00195736011060176
"1577",0.00570896698925514
"1578",0.00135212376061306
"1579",0.00780466373214626
"1580",0.00428172524194135
"1581",0.00119490006751852
"1582",0.00477960027007407
"1583",0.00354349675195146
"1584",0.00893577441796456
"1585",0.00241791543074335
"1586",0.00421585254591149
"1587",0.00761195598567351
"1588",0.00893577441796456
"1589",0.00306750465094306
"1590",0.00419434309414663
"1591",0.0024467001382522
"1592",0.00331488405827718
"1593",0.00306750465094306
"1594",0.00642258786291203
"1595",0.000901415840408706
"1596",0.00205522811613185
"1597",0.00260155457738209
"1598",0.00380597799283676
"1599",0.000818815982522649
"1600",0.00477960027007407
"1601",0.00555467058414013
"1602",0.0097868005530088
"1603",0.00437282577900393
"1604",0.00180283168081741
"1605",0.00642258786291203
"1606",0.0041104562322637
"1607",0.00540849504245223
"1608",0.0097868005530088
"1609",0.0048934002765044
"1610",0.00137934772894755
"1611",0.00540849504245223
"1612",0.00708699350390293
"1613",0.0018683891964835
"1614",0.00570896698925514
"1615",0.00316188940943361
"1616",0.00437282577900393
"1617",0.00477960027007407
"1618",0.00178715488359291
"1619",0.00326226685100293
"1620",0.0085634504838827
"1621",0.0041104562322637
"1622",0.00151119714421459
"1623",0.00331488405827718
"1624",0.0093419459824175
"1625",0.00395236176179202
"1626",0.00662976811655435
"1627",0.0108169900849045
"1628",0.00419434309414663
"1629",0.00331488405827718
"1630",0.000964895829169882
"1631",0.00662976811655435
"1632",0.00513807029032962
"1633",0.00233548649560437
"1634",0.0048934002765044
"1635",0.015223911971347
"1636",0.0042230714715038
"1637",0.0036700502073783
"1638",0.00526981568238936
"1639",0.00188553038177234
"1640",0.003736778392967
"1641",0.00437282577900393
"1642",0.0097868005530088
"1643",0.00190740428411308
"1644",0.00570896698925514
"1645",0.0015223911971347
"1646",0.00142724174731378
"1647",0.00685076038710616
"1648",0.00805971810247784
"1649",0.0171269009677654
"1650",0.00342538019355308
"1651",0.00685076038710616
"1652",0.00163113342550147
"1653",0.00395236176179202
"1654",0.0141739870078059
"1655",0.00138866764603503
"1656",0.0073401004147566
"1657",0.00587208033180528
"1658",0.0162254851273567
"1659",0.00188553038177234
"1660",0.00342538019355308
"1661",0.00642258786291203
"1662",0.00178715488359291
"1663",0.00662976811655435
"1664",0.000889709141182619
"1665",0.00331488405827718
"1666",0.00555467058414013
"1667",0.00622796398827833
"1668",0.000577311268576362
"1669",0.0018683891964835
"1670",0.00662976811655435
"1671",0.000511250775157176
"1672",0.00893577441796456
"1673",0.000517689701796436
"1674",0.000572486940426699
"1675",0.00467097299120875
"1676",0.00685076038710616
"1677",0.0293604016590264
"1678",0.0137015207742123
"1679",0.0120895771537168
"1680",0.0102761405806592
"1681",0.0228358679570205
"1682",0.00336922641988828
"1683",0.018683891964835
"1684",0.00263490784119468
"1685",0.0146802008295132
"1686",0.000506213821707352
"1687",0.000332023928292706
"1688",0.000424633908291704
"1689",0.000804394566000724
"1690",0.00708699350390293
"1691",0.000432679603396179
"1692",0.00708699350390293
"1693",0.00118570852853761
"1694",0.00540849504245223
"1695",0.00190298899641838
"1696",0.0085634504838827
"1697",0.00103799399804639
"1698",0.018683891964835
"1699",0.00263490784119468
"1700",0.00419434309414663
"1701",0.00260155457738209
"1702",0.00136107822260387
"1703",0.0256903514516481
"1704",0.00113548514703417
"1705",0.0102761405806592
"1706",0.00642258786291203
"1707",0.00289468748750965
"1708",0.0120895771537168
"1709",0.0128451757258241
"1710",0.00622796398827833
"1711",0.00137015207742123
"1712",0.0114179339785103
"1713",0.00153375232547153
"1714",0.00137934772894755
"1715",0.00141739870078059
"1716",0.00370311372276009
"1717",0.00306750465094306
"1718",0.00540849504245223
"1719",0.000947109730936336
"1720",0.00123808922658545
"1721",0.00380597799283676
"1722",0.0114179339785103
"1723",0.0102761405806592
"1724",0.00477960027007407
"1725",0.00256903514516481
"1726",0.0102761405806592
"1727",0.00107043131048534
"1728",0.00238980013503703
"1729",0.00220992270551812
"1730",0.00578937497501929
"1731",0.00513807029032962
"1732",0.0025063757513803
"1733",0.003736778392967
"1734",0.00311398199413917
"1735",0.0128451757258241
"1736",0.00437282577900393
"1737",0.00228358679570205
"1738",0.00497232608741576
"1739",0.0117441606636106
"1740",0.00281538098100253
"1741",0.0082209124645274
"1742",0.00893577441796456
"1743",0.00321129393145601
"1744",0.00236233116796764
"1745",0.000942765190886169
"1746",0.00321129393145601
"1747",0.00270424752122612
"1748",0.00100255030055212
"1749",0.000543711141833822
"1750",0.0024467001382522
"1751",0.0146802008295132
"1752",0.00467097299120875
"1753",0.000542276547792045
"1754",0.00387778889836198
"1755",0.00577061890058618
"1756",0.0025063757513803
"1757",0.00263490784119468
"1758",0.00105939593615044
"1759",0.00331488405827718
"1760",0.00293604016590264
"1761",0.00587208033180528
"1762",0.00685076038710616
"1763",0.00289468748750965
"1764",0.00293604016590264
"1765",0.000528336276640578
"1766",0.00395236176179202
"1767",0.00155699099706958
"1768",0.00501275150276061
"1769",0.000358678554298752
"1770",0.00236233116796764
"1771",0.0036700502073783
"1772",0.00604478857685838
"1773",0.0171269009677654
"1774",0.00642258786291203
"1775",0.0205522811613185
"1776",0.0171269009677654
"1777",0.00274030415484247
"1778",0.00331488405827718
"1779",0.00214086262097068
"1780",0.00604478857685838
"1781",0.00761195598567351
"1782",0.0256903514516481
"1783",0.0093419459824175
"1784",0.00318640018004938
"1785",0.0158094470471681
"1786",0.00316188940943361
"1787",0.000960386970155069
"1788",0.00540849504245223
"1789",0.0108169900849045
"1790",0.00685076038710616
"1791",0.00513807029032962
"1792",0.0036700502073783
"1793",0.00570896698925514
"1794",0.00277733529207007
"1795",0.00348343748496924
"1796",0.00354349675195146
"1797",0.0241791543074335
"1798",0.00293604016590264
"1799",0.0093419459824175
"1800",0.00175660522746312
"1801",0.00708699350390293
"1802",0.00339707126633363
"1803",0.000736640901839372
"1804",0.0114179339785103
"1805",0.00207598799609278
"1806",0.0114179339785103
"1807",0.00236233116796764
"1808",0.000799699656082432
"1809",0.0171269009677654
"1810",0.000802823482864003
"1811",0.0097868005530088
"1812",0.000809144927610964
"1813",0.00256903514516481
"1814",0.000775557779672396
"1815",0.018683891964835
"1816",0.00213345479183237
"1817",0.0205522811613185
"1818",0.00148391921742372
"1819",0.0316188940943361
"1820",0.000781455557464581
"1821",0.0171269009677654
"1822",0.00274030415484247
"1823",0.0120895771537168
"1824",0.00570896698925514
"1825",0.00342538019355308
"1826",0.000983362734991315
"1827",0.00263490784119468
"1828",0.00167091716758687
"1829",0.0128451757258241
"1830",0.00419434309414663
"1831",0.0342538019355308
"1832",0.0293604016590264
"1833",0.0041104562322637
"1834",0.00662976811655435
"1835",0.00275253765553373
"1836",0.00555467058414013
"1837",0.00395236176179202
"1838",0.00587208033180528
"1839",0.00190298899641838
"1840",0.00151119714421459
"1841",0.00182957992533992
"1842",0.000713620873656892
"1843",0.0171269009677654
"1844",0.00708699350390293
"1845",0.00613500930188612
"1846",0.0141739870078059
"1847",0.00274030415484247
"1848",0.0198893043496631
"1849",0.00311398199413917
"1850",0.00387778889836198
"1851",0.00216339801698089
"1852",0.00555467058414013
"1853",0.00555467058414013
"1854",0.00555467058414013
"1855",0.00434203123126447
"1856",0.00190298899641838
"1857",0.0024467001382522
"1858",0.000706263957433625
"1859",0.00395236176179202
"1860",0.0085634504838827
"1861",0.00790472352358403
"1862",0.0093419459824175
"1863",0.00071610735753723
"1864",0.00177174837597573
"1865",0.0085634504838827
"1866",0.0114179339785103
"1867",0.000706263957433625
"1868",0.00570896698925514
"1869",0.00446788720898228
"1870",0.00201492952561946
"1871",0.00380597799283676
"1872",0.00673845283977655
"1873",0.0137015207742123
"1874",0.000689673864473775
"1875",0.00708699350390293
"1876",0.00685076038710616
"1877",0.0036700502073783
"1878",0.00790472352358403
"1879",0.00297859147265485
"1880",0.0102761405806592
"1881",0.0041104562322637
"1882",0.00685076038710616
"1883",0.00708699350390293
"1884",0.0097868005530088
"1885",0.00145760859300131
"1886",0.000619044613292726
"1887",0.00685076038710616
"1888",0.00662976811655435
"1889",0.00622796398827833
"1890",0.000739290689256061
"1891",0.00662976811655435
"1892",0.000443893761583553
"1893",0.0041104562322637
"1894",0.00604478857685838
"1895",0.0102761405806592
"1896",0.00437282577900393
"1897",0.00540849504245223
"1898",0.00228358679570205
"1899",0.00293604016590264
"1900",0.00363757188695902
"1901",0.00306750465094306
"1902",0.0085634504838827
"1903",0.00209717154707332
"1904",0.00172708245053097
"1905",0.0108169900849045
"1906",0.00474283411415042
"1907",0.00685076038710616
"1908",0.00477960027007407
"1909",0.00360566336163482
"1910",0.015223911971347
"1911",0.00354349675195146
"1912",0.00721132672326965
"1913",0.0146802008295132
"1914",0.00446788720898228
"1915",0.00685076038710616
"1916",0.00193889444918099
"1917",0.00555467058414013
"1918",0.00616568434839555
"1919",0.0108169900849045
"1920",0.00336922641988828
"1921",0.00526981568238936
"1922",0.0124559279765567
"1923",0.00395236176179202
"1924",0.00171269009677654
"1925",0.00233548649560437
"1926",0.00348343748496924
"1927",0.00790472352358403
"1928",0.00225849243530972
"1929",0.00238980013503703
"1930",0.0181343657305751
"1931",0.00238980013503703
"1932",0.00150016650812544
"1933",0.00211879187230088
"1934",0.00185155686138004
"1935",0.00761195598567351
"1936",0.0097868005530088
"1937",0.00555467058414013
"1938",0.00285448349462757
"1939",0.00761195598567351
"1940",0.0082209124645274
"1941",0.00165744202913859
"1942",0.000825392817723634
"1943",0.0046184901486109
"1944",0.00708699350390293
"1945",0.00151119714421459
"1946",0.00587208033180528
"1947",0.00270424752122612
"1948",0.00708699350390293
"1949",0.00402985905123892
"1950",0.0132595362331087
"1951",0.00138866764603503
"1952",0.00129259629945399
"1953",0.0124559279765567
"1954",0.00120188778721161
"1955",0.00211879187230088
"1956",0.00192077394031014
"1957",0.00134328635041297
"1958",0.0293604016590264
"1959",0.00135212376061306
"1960",0.0120895771537168
"1961",0.00336922641988828
"1962",0.00233548649560437
"1963",0.00112307547329609
"1964",0.0102761405806592
"1965",0.00477960027007407
"1966",0.0073401004147566
"1967",0.00104858577353666
"1968",0.0141739870078059
"1969",0.0048934002765044
"1970",0.00192979165833976
"1971",0.00331488405827718
"1972",0.000889709141182619
"1973",0.00662976811655435
"1974",0.0082209124645274
"1975",0.000736640901839372
"1976",0.00287444491766692
"1977",0.00893577441796456
"1978",0.00708699350390293
"1979",0.00423758374460175
"1980",0.0205522811613185
"1981",0.00662976811655435
"1982",0.000564623108827431
"1983",0.00297859147265485
"1984",0.0146802008295132
"1985",0.000626593937845076
"1986",0.00761195598567351
"1987",0.0102761405806592
"1988",0.0106304902558544
"1989",0.00893577441796456
"1990",0.00428172524194135
"1991",0.0093419459824175
"1992",0.00073401004147566
"1993",0.0146802008295132
"1994",0.00540849504245223
"1995",0.00176414430569257
"1996",0.0114179339785103
"1997",0.00316188940943361
"1998",0.00613500930188612
"1999",0.0093419459824175
"2000",0.00662976811655435
"2001",0.00893577441796456
"2002",0.00893577441796456
"2003",0.00555467058414013
"2004",0.00120895771537168
"2005",0.00118799313071205
"2006",0.00456717359140411
"2007",0.000825392817723634
"2008",0.00708699350390293
"2009",0.000728804296500656
"2010",0.000778495498534791
"2011",0.00323657971044386
"2012",0.00685076038710616
"2013",0.00342538019355308
"2014",0.00419434309414663
"2015",0.00587208033180528
"2016",0.0108169900849045
"2017",0.00160564696572801
"2018",0.00342538019355308
"2019",0.00721132672326965
"2020",0.0048934002765044
"2021",0.00180283168081741
"2022",0.00437282577900393
"2023",0.0041104562322637
"2024",0.0120895771537168
"2025",0.0025063757513803
"2026",0.00395236176179202
"2027",0.00419434309414663
"2028",0.00517038519781597
"2029",0.00437282577900393
"2030",0.00501275150276061
"2031",0.0114179339785103
"2032",0.00423758374460175
"2033",0.00540849504245223
"2034",0.00348343748496924
"2035",0.00456717359140411
"2036",0.00139811436471554
"2037",0.003736778392967
"2038",0.00395236176179202
"2039",0.00228358679570205
"2040",0.0036700502073783
"2041",0.00555467058414013
"2042",0.0111093411682803
"2043",0.00555467058414013
"2044",0.00197618088089601
"2045",0.0036700502073783
"2046",0.00555467058414013
"2047",0.00236233116796764
"2048",0.00336922641988828
"2049",0.0171269009677654
"2050",0.00513807029032962
"2051",0.00587208033180528
"2052",0.00642258786291203
"2053",0.00402985905123892
"2054",0.00437282577900393
"2055",0.00662976811655435
"2056",0.00419434309414663
"2057",0.00555467058414013
"2058",0.000520310915476418
"2059",0.00360566336163482
"2060",0.00354349675195146
"2061",0.00321129393145601
"2062",0.015223911971347
"2063",0.00622796398827833
"2064",0.0073401004147566
"2065",0.0205522811613185
"2066",0.018683891964835
"2067",0.00790472352358403
"2068",0.00467097299120875
"2069",0.00451698487061945
"2070",0.0158094470471681
"2071",0.0071694004051111
"2072",0.00285448349462757
"2073",0.00360566336163482
"2074",0.00331488405827718
"2075",0.00555467058414013
"2076",0.00501275150276061
"2077",0.00207598799609278
"2078",0.0241791543074335
"2079",0.00642258786291203
"2080",0.0120895771537168
"2081",0.00696687496993847
"2082",0.00451698487061945
"2083",0.00526981568238936
"2084",0.00395236176179202
"2085",0.0146802008295132
"2086",0.000377799286053649
"2087",0.0114179339785103
"2088",0.00526981568238936
"2089",0.003736778392967
"2090",0.00311398199413917
"2091",0.00622796398827833
"2092",0.00526981568238936
"2093",0.00467097299120875
"2094",0.0195736011060176
"2095",0.00419434309414663
"2096",0.0048934002765044
"2097",0.00513807029032962
"2098",0.003736778392967
"2099",0.0093419459824175
"2100",0.00642258786291203
"2101",0.0137015207742123
"2102",0.0195736011060176
"2103",0.0146802008295132
"2104",0.00685076038710616
"2105",0.00540849504245223
"2106",0.00685076038710616
"2107",0.00380597799283676
"2108",0.00555467058414013
"2109",0.0048934002765044
"2110",0.00260155457738209
"2111",0.00354349675195146
"2112",0.00513807029032962
"2113",0.00893577441796456
"2114",0.00604478857685838
"2115",0.00331488405827718
"2116",0.00311398199413917
"2117",0.00253731866189117
"2118",0.0093419459824175
"2119",0.00622796398827833
"2120",0.00153375232547153
"2121",0.0041104562322637
"2122",0.0246627373935822
"2123",0.00446788720898228
"2124",0.0108169900849045
"2125",0.0171269009677654
"2126",0.0137015207742123
"2127",0.0073401004147566
"2128",0.00955920054014813
"2129",0.00380597799283676
"2130",0.00395236176179202
"2131",0.0120895771537168
"2132",0.00326226685100293
"2133",0.00685076038710616
"2134",0.0093419459824175
"2135",0.00513807029032962
"2136",0.00893577441796456
"2137",0.00326226685100293
"2138",0.00256903514516481
"2139",0.0085634504838827
"2140",0.00419434309414663
"2141",0.00281538098100253
"2142",0.00348343748496924
"2143",0.00216339801698089
"2144",0.0324509702547134
"2145",0.00513807029032962
"2146",0.00570896698925514
"2147",0.00141739870078059
"2148",0.00893577441796456
"2149",0.0036700502073783
"2150",0.00501275150276061
"2151",0.0097868005530088
"2152",0.000271317243053709
"2153",0.00563076196200507
"2154",0.00428172524194135
"2155",0.00266912742354786
"2156",0.00913434718280822
"2157",0.00513807029032962
"2158",0.00199536710304063
"2159",0.00652453370200587
"2160",0.0097868005530088
"2161",0.0128451757258241
"2162",0.00223394360449114
"2163",0.00380597799283676
"2164",0.0146802008295132
"2165",0.00103277794780495
"2166",0.0171269009677654
"2167",0.00501275150276061
"2168",0.0256903514516481
"2169",0.0036700502073783
"2170",0.00456717359140411
"2171",0.00526981568238936
"2172",0.00540849504245223
"2173",0.00526981568238936
"2174",0.00708699350390293
"2175",0.00642258786291203
"2176",0.00342538019355308
"2177",0.00761195598567351
"2178",0.0041104562322637
"2179",0.00456717359140411
"2180",0.003736778392967
"2181",0.0137015207742123
"2182",0.00913434718280822
"2183",0.00662976811655435
"2184",0.00428172524194135
"2185",0.00526981568238936
"2186",0.0146802008295132
"2187",0.00380597799283676
"2188",0.00177174837597573
"2189",0.0085634504838827
"2190",0.00587208033180528
"2191",0.00761195598567351
"2192",0.0085634504838827
"2193",0.00570896698925514
"2194",0.00761195598567351
"2195",0.00328836498581096
"2196",0.0308284217419777
"2197",0.00893577441796456
"2198",0.00893577441796456
"2199",0.00913434718280822
"2200",0.00289468748750965
"2201",0.000929967473362828
"2202",0.0114179339785103
"2203",0.00354349675195146
"2204",0.00395236176179202
"2205",0.00437282577900393
"2206",0.000399849828041216
"2207",0.00708699350390293
"2208",0.0082209124645274
"2209",0.00761195598567351
"2210",0.00428172524194135
"2211",0.0108169900849045
"2212",0.00893577441796456
"2213",0.00685076038710616
"2214",0.0120895771537168
"2215",0.00256903514516481
"2216",0.00188553038177234
"2217",0.0137015207742123
"2218",0.00448739763347565
"2219",0.00133456371177393
"2220",0.00360566336163482
"2221",0.00761195598567351
"2222",0.000832076160377267
"2223",0.00306750465094306
"2224",0.00214086262097068
"2225",0.00331488405827718
"2226",0.00406975864580564
"2227",0.00214086262097068
"2228",0.00587208033180528
"2229",0.00446788720898228
"2230",0.0073401004147566
"2231",0.00622796398827833
"2232",0.0073401004147566
"2233",0.00708699350390293
"2234",0.0102761405806592
"2235",0.0128451757258241
"2236",0.00218641288950197
"2237",0.000774097218882052
"2238",0.0137015207742123
"2239",0.0093419459824175
"2240",0.0143388008102222
"2241",0.00708699350390293
"2242",0.00790472352358403
"2243",0.0093419459824175
"2244",0.00761195598567351
"2245",0.00587208033180528
"2246",0.00188553038177234
"2247",0.0102761405806592
"2248",0.000673845283977655
"2249",0.0114179339785103
"2250",0.000955920054014813
"2251",0.00685076038710616
"2252",0.0102761405806592
"2253",0.0108169900849045
"2254",0.0164418249290548
"2255",0.000660845053418601
"2256",0.000648336945152003
"2257",0.0082209124645274
"2258",0.00437282577900393
"2259",0.0205522811613185
"2260",0.0082209124645274
"2261",0.00604478857685838
"2262",0.00477960027007407
"2263",0.00526981568238936
"2264",0.00348343748496924
"2265",0.000669455412420798
"2266",0.00380597799283676
"2267",0.00642258786291203
"2268",0.00477960027007407
"2269",0.00456717359140411
"2270",0.0082209124645274
"2271",0.0093419459824175
"2272",0.00354349675195146
"2273",0.0146802008295132
"2274",0.000701443043048413
"2275",0.003736778392967
"2276",0.00158094470471681
"2277",0.0195736011060176
"2278",0.0082209124645274
"2279",0.00587208033180528
"2280",0.00501275150276061
"2281",0.0158094470471681
"2282",0.00761195598567351
"2283",0.00893577441796456
"2284",0.0171269009677654
"2285",0.0120895771537168
"2286",0.00406975864580564
"2287",0.0237141705707521
"2288",0.000978680055300881
"2289",0.0097868005530088
"2290",0.00197618088089601
"2291",0.00893577441796456
"2292",0.00230924507430545
"2293",0.00775557779672396
"2294",0.00570896698925514
"2295",0.00336922641988828
"2296",0.00685076038710616
"2297",0.00190298899641838
"2298",0.00662976811655435
"2299",0.0102761405806592
"2300",0.00622796398827833
"2301",0.00209717154707332
"2302",0.0128451757258241
"2303",0.0024467001382522
"2304",0.0102761405806592
"2305",0.00708699350390293
"2306",0.015223911971347
"2307",0.00207598799609278
"2308",0.00662976811655435
"2309",0.0108169900849045
"2310",0.0548060830968493
"2311",0.0171269009677654
"2312",0.00311398199413917
"2313",0.00708699350390293
"2314",0.0137015207742123
"2315",0.003736778392967
"2316",0.00293604016590264
"2317",0.00555467058414013
"2318",0.00395236176179202
"2319",0.00727514377391805
"2320",0.00685076038710616
"2321",0.00555467058414013
"2322",0.00402985905123892
"2323",0.00277733529207007
"2324",0.00893577441796456
"2325",0.00285448349462757
"2326",0.00622796398827833
"2327",0.0120895771537168
"2328",0.00604478857685838
"2329",0.0025063757513803
"2330",0.0082209124645274
"2331",0.0293604016590264
"2332",0.0102761405806592
"2333",0.0171269009677654
"2334",0.0114179339785103
"2335",0.00662976811655435
"2336",0.00501275150276061
"2337",0.00581668334754297
"2338",0.00604478857685838
"2339",0.000592284759692175
"2340",0.00135212376061306
"2341",0.00256903514516481
"2342",0.00354349675195146
"2343",0.00708699350390293
"2344",0.00540849504245223
"2345",0.00321129393145601
"2346",0.00354349675195146
"2347",0.00274030415484247
"2348",0.00285448349462757
"2349",0.000988090440448004
"2350",0.0158094470471681
"2351",0.0048934002765044
"2352",0.0146802008295132
"2353",0.00642258786291203
"2354",0.00708699350390293
"2355",0.00587208033180528
"2356",0.0093419459824175
"2357",0.00446788720898228
"2358",0.0146802008295132
"2359",0.00331488405827718
"2360",0.000867184859127362
"2361",0.0134036616269468
"2362",0.00360566336163482
"2363",0.0137015207742123
"2364",0.00145760859300131
"2365",0.0137015207742123
"2366",0.000796600045012345
"2367",0.00380597799283676
"2368",0.00622796398827833
"2369",0.00289468748750965
"2370",0.00559245745886217
"2371",0.00642258786291203
"2372",0.00151864146512206
"2373",9.43630907314898e-05
"2374",0.00662976811655435
"2375",0.018683891964835
"2376",0.00311398199413917
"2377",0.00570896698925514
"2378",0.0114179339785103
"2379",0.018683891964835
"2380",0.00662976811655435
"2381",0.0228358679570205
"2382",0.00306750465094306
"2383",0.00501275150276061
"2384",0.00501275150276061
"2385",0.00395236176179202
"2386",0.007473556785934
"2387",0.00228358679570205
"2388",0.0102761405806592
"2389",0.00708699350390293
"2390",0.00289468748750965
"2391",0.0024467001382522
"2392",0.00285448349462757
"2393",0.0246627373935822
"2394",0.0171269009677654
"2395",0.00172708245053097
"2396",0.00587208033180528
"2397",0.0513807029032962
"2398",0.0073401004147566
"2399",0.00233548649560437
"2400",0.00513807029032962
"2401",0.00165744202913859
"2402",0.00446788720898228
"2403",0.0128451757258241
"2404",0.00360566336163482
"2405",0.00281538098100253
"2406",0.00437282577900393
"2407",0.00297859147265485
"2408",0.00107603566289626
"2409",0.000532442517132603
"2410",0.00790472352358403
"2411",0.00467097299120875
"2412",0.00446788720898228
"2413",0.00761195598567351
"2414",0.00148929573632743
"2415",0.00805971810247784
"2416",0.00402985905123892
"2417",0.0120895771537168
"2418",0.00360566336163482
"2419",0.0097868005530088
"2420",0.00708699350390293
"2421",0.0158094470471681
"2422",0.00587208033180528
"2423",0.00555467058414013
"2424",0.00336922641988828
"2425",0.00207598799609278
"2426",0.0128451757258241
"2427",0.0114179339785103
"2428",0.00587208033180528
"2429",0.00354349675195146
"2430",0.00419434309414663
"2431",0.00501275150276061
"2432",0.00126087614486617
"2433",0.0125830292824399
"2434",0.00526981568238936
"2435",0.00540849504245223
"2436",0.00163113342550147
"2437",0.00501275150276061
"2438",0.00662976811655435
"2439",0.0124559279765567
"2440",0.000491681367495658
"2441",0.000545153346454071
"2442",0.00456717359140411
"2443",0.00193889444918099
"2444",0.007473556785934
"2445",0.00761195598567351
"2446",0.0048934002765044
"2447",0.00467097299120875
"2448",0.00467097299120875
"2449",0.00555467058414013
"2450",0.00467097299120875
"2451",0.00721132672326965
"2452",0.0108169900849045
"2453",0.0025063757513803
"2454",0.00326226685100293
"2455",0.00306750465094306
"2456",0.0073401004147566
"2457",0.00190298899641838
"2458",0.00685076038710616
"2459",0.00199536710304063
"2460",0.000521190561994552
"2461",0.00306750465094306
"2462",0.00109905246851971
"2463",0.00167091716758687
"2464",0.0015452842978435
"2465",0.00111093411682803
"2466",0.00332830464150907
"2467",0.00142724174731378
"2468",0.00123067551864183
"2469",0.0137015207742123
"2470",0.00423758374460175
"2471",0.00662976811655435
"2472",0.0137015207742123
"2473",0.00576232182093042
"2474",0.00126087614486617
"2475",0.00105396313647787
"2476",0.0024761784531709
"2477",0.00425954013706083
"2478",0.00263490784119468
"2479",0.00230924507430545
"2480",0.000859928082063535
"2481",0.0024761784531709
"2482",0.00790472352358403
"2483",0.00289468748750965
"2484",0.000951494498209189
"2485",0.00533825484709571
"2486",0.0141739870078059
"2487",0.00360566336163482
"2488",0.00109612166193699
"2489",0.00147858137851212
"2490",0.00642258786291203
"2491",0.00790472352358403
"2492",0.0146802008295132
"2493",0.00175660522746312
"2494",0.0120895771537168
"2495",0.00662976811655435
"2496",0.00662976811655435
"2497",0.00134328635041297
"2498",0.0124559279765567
"2499",0.0102761405806592
"2500",0.0158094470471681
"2501",0.0171269009677654
"2502",0.000828721014569294
"2503",0.0025063757513803
"2504",0.0024761784531709
"2505",0.00195271079917515
"2506",0.00708699350390293
"2507",0.00233548649560437
"2508",0.00893577441796456
"2509",0.0073401004147566
"2510",0.00293604016590264
"2511",0.00642258786291203
"2512",0.00171269009677654
"2513",0.00066512236768021
"2514",0.00141739870078059
"2515",0.00148929573632743
"2516",0.00169853563316682
"2517",0.00321129393145601
"2518",0.0102761405806592
"2519",0.00124559279765567
"2520",0.00163113342550147
"2521",0.0293604016590264
"2522",0.00721132672326965
"2523",0.00893577441796456
"2524",0.0182686943656164
"2525",0.0146802008295132
"2526",0.0128451757258241
"2527",0.00761195598567351
"2528",0.0082209124645274
"2529",0.00132595362331087
"2530",0.00137015207742123
"2531",0.0082209124645274
"2532",0.0120895771537168
"2533",0.00467097299120875
"2534",0.0120895771537168
"2535",0.00147858137851212
"2536",0.00131745392059734
"2537",0.0120895771537168
"2538",0.0073401004147566
"2539",0.00336922641988828
"2540",0.00302239428842919
"2541",0.0137015207742123
"2542",0.00563076196200507
"2543",0.0228358679570205
"2544",0.018683891964835
"2545",0.00662976811655435
"2546",0.00550507531106745
"2547",0.018683891964835
"2548",0.0342538019355308
"2549",0.00297859147265485
"2550",0.0114179339785103
"2551",0.00360566336163482
"2552",0.00266912742354786
"2553",0.00321129393145601
"2554",0.00721132672326965
"2555",0.000288574574014581
"2556",0.00708699350390293
"2557",0.00474283411415042
"2558",0.0024467001382522
"2559",0.0093419459824175
"2560",0.00423758374460175
"2561",0.00238980013503703
"2562",0.0073401004147566
"2563",0.00685076038710616
"2564",0.00587208033180528
"2565",0.00228358679570205
"2566",0.0158094470471681
"2567",0.00501275150276061
"2568",0.0025063757513803
"2569",0.0117441606636106
"2570",0.0082209124645274
"2571",0.00326226685100293
"2572",0.00395236176179202
"2573",0.0120895771537168
"2574",0.00501275150276061
"2575",0.00526981568238936
"2576",0.00540849504245223
"2577",0.00263490784119468
"2578",0.00203487932290282
"2579",0.003736778392967
"2580",0.00183502510368915
"2581",0.00225849243530972
"2582",0.00610463796870846
"2583",0.00266912742354786
"2584",0.00228358679570205
"2585",0.00236233116796764
"2586",0.00213134767598858
"2587",0.0073401004147566
"2588",0.00652453370200587
"2589",0.00281538098100253
"2590",0.00338309154918823
"2591",0.00285448349462757
"2592",0.00321129393145601
"2593",0.0097868005530088
"2594",0.00118799313071205
"2595",0.00339707126633363
"2596",0.00223394360449114
"2597",0.00225849243530972
"2598",0.00297859147265485
"2599",0.00323657971044386
"2600",0.00201492952561946
"2601",0.00188553038177234
"2602",0.00467097299120875
"2603",0.00180283168081741
"2604",0.00253731866189117
"2605",0.00225849243530972
"2606",0.00197618088089601
"2607",0.00205522811613185
"2608",0.00105939593615044
"2609",0.00263490784119468
"2610",0.00399073420608126
"2611",0.00505383962983242
"2612",0.00171269009677654
"2613",0.00218641288950197
"2614",0.00266912742354786
"2615",0.00477960027007407
"2616",0.00183502510368915
"2617",0.00139811436471554
"2618",0.00160564696572801
"2619",0.00168461320994414
"2620",0.00137934772894755
"2621",0.00172708245053097
"2622",0.00297859147265485
"2623",0.00155111555934479
"2624",0.00195736011060176
"2625",0.00137015207742123
"2626",0.00214086262097068
"2627",0.00116114582832308
"2628",0.00143722245883346
"2629",0.00761195598567351
"2630",0.0102761405806592
"2631",0.00399073420608126
"2632",0.00195736011060176
"2633",0.00768309576124056
"2634",0.00209717154707332
"2635",0.00163113342550147
"2636",0.00692773522291634
"2637",0.00236233116796764
"2638",0.00230924507430545
"2639",0.00223394360449114
"2640",0.00220992270551812
"2641",0.00223394360449114
"2642",0.00207598799609278
"2643",0.00153375232547153
"2644",0.00199536710304063
"2645",0.000964895829169882
"2646",0.00114179339785103
"2647",0.00118799313071205
"2648",0.00501275150276061
"2649",0.00790472352358403
"2650",0.00207598799609278
"2651",0.00225849243530972
"2652",0.00151119714421459
"2653",0.00141739870078059
"2654",0.0015223911971347
"2655",0.00102761405806592
"2656",0.00252175228973233
"2657",0.00174171874248462
"2658",0.00198572764843657
"2659",0.000727514377391805
"2660",0.00309056859568699
"2661",0.000619044613292726
"2662",0.00158094470471681
"2663",0.00156887642452813
"2664",0.00295716275702424
"2665",0.00266912742354786
"2666",0.00145760859300131
"2667",0.00475747249104595
"2668",0.00402985905123892
"2669",0.00751912725414091
"2670",0.003736778392967
"2671",0.00146802008295132
"2672",0.00395236176179202
"2673",0.0156093274642925
"2674",0.00321129393145601
"2675",0.00721132672326965
"2676",0.00263490784119468
"2677",0.00181878594347951
"2678",0.00906718286528757
"2679",0.00838868618829326
"2680",0.00321129393145601
"2681",0.00387778889836198
"2682",0.00402985905123892
"2683",0.00387778889836198
"2684",0.00652453370200587
"2685",0.00622796398827833
"2686",0.00236233116796764
"2687",0.00437282577900393
"2688",0.00604478857685838
"2689",0.00446788720898228
"2690",0.00456717359140411
"2691",0.00348343748496924
"2692",0.003736778392967
"2693",0.00520310915476417
"2694",0.0041104562322637
"2695",0.00306750465094306
"2696",0.00994465217483153
"2697",0.00402985905123892
"2698",0.0082209124645274
"2699",0.00437282577900393
"2700",0.00395236176179202
"2701",0.0097868005530088
"2702",0.00467097299120875
"2703",0.00274030415484247
"2704",0.00274030415484247
"2705",0.00428172524194135
"2706",0.00285448349462757
"2707",0.0025063757513803
"2708",0.00348343748496924
"2709",0.00456717359140411
"2710",0.00477960027007407
"2711",0.00565659114531702
"2712",0.00281538098100253
"2713",0.00302239428842919
"2714",0.0036700502073783
"2715",0.000969447224590495
"2716",0.00342538019355308
"2717",0.00955920054014813
"2718",0.00203487932290282
"2719",0.00428172524194135
"2720",0.00277733529207007
"2721",0.00437282577900393
"2722",0.00293604016590264
"2723",0.00652453370200587
"2724",0.00555467058414013
"2725",0.00167091716758687
"2726",0.00326226685100293
"2727",0.00326226685100293
"2728",0.00321129393145601
"2729",0.00331488405827718
"2730",0.00331488405827718
"2731",0.00216339801698089
"2732",0.00790472352358403
"2733",0.00613500930188612
"2734",0.00348343748496924
"2735",0.00274030415484247
"2736",0.0073401004147566
"2737",0.00253731866189117
"2738",0.003736778392967
"2739",0.00380597799283676
"2740",0.00293604016590264
"2741",0.00266912742354786
"2742",0.0105396313647787
"2743",0.00323657971044386
"2744",0.0143388008102222
"2745",0.00708699350390293
"2746",0.00893577441796456
"2747",0.00419434309414663
"2748",0.00509560689950045
"2749",0.00238980013503703
"2750",0.00167091716758687
"2751",0.00761195598567351
"2752",0.0073401004147566
"2753",0.00456717359140411
"2754",0.00513807029032962
"2755",0.0036700502073783
"2756",0.0041104562322637
"2757",0.00622796398827833
"2758",0.00348343748496924
"2759",0.00380597799283676
"2760",0.00354349675195146
"2761",0.00311398199413917
"2762",0.00291521718600262
"2763",0.00770710543549443
"2764",0.00302239428842919
"2765",0.00385355271774722
"2766",0.0036700502073783
"2767",0.00336922641988828
"2768",0.00761195598567351
"2769",0.00587208033180528
"2770",0.0102761405806592
"2771",0.00395236176179202
"2772",0.00955920054014813
"2773",0.00790472352358403
"2774",0.000524292886768329
"2775",0.00632377881886723
"2776",0.00555467058414013
"2777",0.00055396984262314
"2778",0.00326226685100293
"2779",0.00297859147265485
"2780",0.00281538098100253
"2781",0.000488177699793788
"2782",0.00348343748496924
"2783",0.00419434309414663
"2784",0.00256903514516481
"2785",0.0161647155201381
"2786",0.00274030415484247
"2787",0.00326226685100293
"2788",0.007473556785934
"2789",0.00696687496993847
"2790",0.00437282577900393
"2791",0.00501275150276061
"2792",0.00201492952561946
"2793",0.00260155457738209
"2794",0.00274030415484247
"2795",0.00423758374460175
"2796",0.00314977489062352
"2797",0.0024761784531709
"2798",0.0132595362331087
"2799",0.00555467058414013
"2800",0.0082209124645274
"2801",0.0036700502073783
"2802",0.0085634504838827
"2803",0.00348343748496924
"2804",0.0048934002765044
"2805",0.0082209124645274
"2806",0.00360566336163482
"2807",0.00893577441796456
"2808",0.00761195598567351
"2809",0.00260155457738209
"2810",0.00165744202913859
"2811",0.00285448349462757
"2812",0.00285448349462757
"2813",0.0082209124645274
"2814",0.00256903514516481
"2815",0.0024467001382522
"2816",0.00326226685100293
"2817",0.00761195598567351
"2818",0.0041104562322637
"2819",0.00555467058414013
"2820",0.00428172524194135
"2821",0.00402985905123892
"2822",0.00790472352358403
"2823",0.0256903514516481
"2824",0.00604478857685838
"2825",0.0114179339785103
"2826",0.0093419459824175
"2827",0.00266912742354786
"2828",0.00446788720898228
"2829",0.00874565155800787
"2830",0.00428172524194135
"2831",0.0025063757513803
"2832",0.00775557779672396
"2833",0.0097868005530088
"2834",0.0100255030055212
"2835",0.00155699099706958
"2836",0.00331488405827718
"2837",0.00467097299120875
"2838",0.0073401004147566
"2839",0.00419434309414663
"2840",0.00419434309414663
"2841",0.00336922641988828
"2842",0.00380597799283676
"2843",0.00342538019355308
"2844",0.00263490784119468
"2845",0.0024467001382522
"2846",0.0137015207742123
"2847",0.00446788720898228
"2848",0.0176162409954158
"2849",0.00622796398827833
"2850",0.00446788720898228
"2851",0.00354349675195146
"2852",0.00177174837597573
"2853",0.0141739870078059
"2854",0.00336922641988828
"2855",0.00281538098100253
"2856",0.00331488405827718
"2857",0.00533825484709571
"2858",0.00387778889836198
"2859",0.0036700502073783
"2860",0.00613500930188612
"2861",0.000790472352358403
"2862",0.00354349675195146
"2863",0.00336922641988828
"2864",0.00274030415484247
"2865",0.00289468748750965
"2866",0.00274030415484247
"2867",0.00256903514516481
"2868",0.00279622872943109
"2869",0.00146802008295132
"2870",0.00143722245883346
"2871",0.00354349675195146
"2872",0.00311398199413917
"2873",0.00893577441796456
"2874",0.00399073420608126
"2875",0.0073401004147566
"2876",0.00281538098100253
"2877",0.00302239428842919
"2878",0.00281538098100253
"2879",0.00297859147265485
"2880",0.00610463796870846
"2881",0.00263490784119468
"2882",0.00708699350390293
"2883",0.00321129393145601
"2884",0.00360566336163482
"2885",0.00205522811613185
"2886",0.00175660522746312
"2887",0.0143388008102222
"2888",0.00380597799283676
"2889",0.0073401004147566
"2890",0.0114179339785103
"2891",0.000516388973902475
"2892",0.0085634504838827
"2893",0.00432174136569781
"2894",0.000402197283000362
"2895",0.00025063757513803
"2896",0.000863541225265483
"2897",0.0108169900849045
"2898",0.00790472352358403
"2899",0.0082209124645274
"2900",0.000503732381404865
"2901",0.000384154788062028
"2902",0.00113280289865535
"2903",0.00622796398827833
"2904",0.0108169900849045
"2905",0.000901415840408706
"2906",0.000540849504245223
"2907",0.000377799286053649
"2908",0.000266221258566302
"2909",0.00169713304387436
"2910",0.000220045836844952
"2911",0.000184656614207713
"2912",0.000171411852888394
"2913",0.000118388716367042
"2914",0.000921626957906659
"2915",0.0105396313647787
"2916",0.00354349675195146
"2917",0.00467097299120875
"2918",0.0048358308614867
"2919",0.00169853563316682
"2920",0.00137934772894755
"2921",0.00790472352358403
"2922",0.00467097299120875
"2923",0.00467097299120875
"2924",0.000564623108827431
"2925",0.0093419459824175
"2926",0.00342538019355308
"2927",0.00775557779672396
"2928",0.00209717154707332
"2929",0.00223394360449114
"2930",0.00306750465094306
"2931",0.00238980013503703
"2932",0.00608956478853881
"2933",0.00148929573632743
"2934",0.00316188940943361
"2935",0.00923698029722179
"2936",0.00456717359140411
"2937",0.00214086262097068
"2938",0.00380597799283676
"2939",0.00311398199413917
"2940",0.00183502510368915
"2941",0.00685076038710616
"2942",0.0082209124645274
"2943",0.00513807029032962
"2944",0.00520310915476417
"2945",0.0024467001382522
"2946",0.00622796398827833
"2947",0.00604478857685838
"2948",0.00526981568238936
"2949",0.00306750465094306
"2950",0.00311398199413917
"2951",0.00428172524194135
"2952",0.00253731866189117
"2953",0.000740622744552018
"2954",0.00662976811655435
"2955",0.0024761784531709
"2956",0.00555467058414013
"2957",0.00761195598567351
"2958",0.00662976811655435
"2959",0.00622796398827833
"2960",0.00513807029032962
"2961",0.00336922641988828
"2962",0.00838868618829326
"2963",0.00526981568238936
"2964",0.00326226685100293
"2965",0.00696687496993847
"2966",0.00241791543074335
"2967",0.00555467058414013
"2968",0.00392718748305449
"2969",0.003736778392967
"2970",0.00419434309414663
"2971",0.00456717359140411
"2972",0.000626593937845076
"2973",0.00387778889836198
"2974",0.00380597799283676
"2975",0.0085634504838827
"2976",0.00209717154707332
"2977",0.00209717154707332
"2978",0.000216112315050668
"2979",0.00231574999000772
"2980",0.00131324480264016
"2981",0.00331488405827718
"2982",0.00126865933094559
"2983",0.00485486956566578
"2984",0.00604478857685838
"2985",0.00263490784119468
"2986",0.00604478857685838
"2987",0.00570896698925514
"2988",0.00363757188695902
"2989",0.0015280506439642
"2990",0.00104326300311261
"2991",0.00604478857685838
"2992",0.00266912742354786
"2993",0.000964895829169882
"2994",0.000191184010802963
"2995",0.00191184010802963
"2996",0.000766876162735765
"2997",0.00148391921742372
"2998",0.00685076038710616
"2999",0.00642258786291203
"3000",0.00311398199413917
"3001",0.00540849504245223
"3002",0.0108169900849045
"3003",0.00513807029032962
"3004",0.00780466373214626
"3005",0.00790472352358403
"3006",0.0085634504838827
"3007",0.0256903514516481
"3008",0.0128451757258241
"3009",0.00540849504245223
"3010",0.0085634504838827
"3011",0.00708699350390293
"3012",0.00477960027007407
"3013",0.00360566336163482
"3014",0.00526981568238936
"3015",0.00446788720898228
"3016",0.00540849504245223
"3017",0.0146802008295132
"3018",0.0102761405806592
"3019",0.0102761405806592
"3020",0.0120895771537168
"3021",0.00662976811655435
"3022",0.00708699350390293
"3023",0.000905386835300374
"3024",0.00893577441796456
"3025",0.00708699350390293
"3026",0.00540849504245223
"3027",0.0178715488359291
"3028",0.00316188940943361
"3029",0.00587208033180528
"3030",0.00513807029032962
"3031",0.00446788720898228
"3032",0.00419434309414663
"3033",0.00501275150276061
"3034",0.00662976811655435
"3035",0.0108169900849045
"3036",0.0102761405806592
"3037",0.00893577441796456
"3038",0.00587208033180528
"3039",0.00360566336163482
"3040",0.00570896698925514
"3041",0.0128451757258241
"3042",0.00513807029032962
"3043",0.00685076038710616
"3044",0.0128451757258241
"3045",0.0073401004147566
"3046",0.00316188940943361
"3047",0.00790472352358403
"3048",0.00360566336163482
"3049",0.0154142108709889
"3050",0.00467097299120875
"3051",0.0158094470471681
"3052",0.0102761405806592
"3053",0.00708699350390293
"3054",0.00604478857685838
"3055",0.00446788720898228
"3056",0.00540849504245223
"3057",0.00526981568238936
"3058",0.00253731866189117
"3059",0.00446788720898228
"3060",0.0102761405806592
"3061",0.00351321045492624
"3062",0.0176162409954158
"3063",0.0097868005530088
"3064",0.0093419459824175
"3065",0.00501275150276061
"3066",0.00540849504245223
"3067",0.00501275150276061
"3068",0.00587208033180528
"3069",0.0036700502073783
"3070",0.0097868005530088
"3071",0.0137015207742123
"3072",0.00501275150276061
"3073",0.00555467058414013
"3074",0.00893577441796456
"3075",0.00685076038710616
"3076",0.00622796398827833
"3077",0.00790472352358403
"3078",0.00467097299120875
"3079",0.0128451757258241
"3080",0.00662976811655435
"3081",0.0181343657305751
"3082",0.00277733529207007
"3083",0.00380597799283676
"3084",0.00526981568238936
"3085",0.00513807029032962
"3086",0.00513807029032962
"3087",0.00456717359140411
"3088",0.00540849504245223
"3089",0.00555467058414013
"3090",0.00805971810247784
"3091",0.00380597799283676
"3092",0.00281538098100253
"3093",0.00428172524194135
"3094",0.00274030415484247
"3095",0.00513807029032962
"3096",0.000774097218882052
"3097",0.00323657971044386
"3098",0.0025063757513803
"3099",0.00256903514516481
"3100",0.00402985905123892
"3101",0.00354349675195146
"3102",0.00321129393145601
"3103",0.00293604016590264
"3104",0.00437282577900393
"3105",0.00190298899641838
"3106",0.00289468748750965
"3107",0.000976355399587577
"3108",0.00673845283977655
"3109",0.00281538098100253
"3110",0.0132595362331087
"3111",0.00256903514516481
"3112",0.0141739870078059
"3113",0.00540849504245223
"3114",0.0158094470471681
"3115",0.00188553038177234
"3116",0.0108169900849045
"3117",0.00289468748750965
"3118",0.00662976811655435
"3119",0.00419434309414663
"3120",0.0117441606636106
"3121",0.00874565155800787
"3122",0.00205010285898439
"3123",0.0082209124645274
"3124",0.00354349675195146
"3125",0.00595718294530971
"3126",0.00642258786291203
"3127",0.00523624997740598
"3128",0.0082209124645274
"3129",0.0114179339785103
"3130",0.00380597799283676
"3131",0.0120895771537168
"3132",0.0228358679570205
"3133",0.0102761405806592
"3134",0.00570896698925514
"3135",0.00387778889836198
"3136",0.00526981568238936
"3137",0.018683891964835
"3138",0.0114179339785103
"3139",0.00893577441796456
"3140",0.0302239428842919
"3141",0.0216339801698089
"3142",0.0093419459824175
"3143",0.0124559279765567
"3144",0.0097868005530088
"3145",0.00326226685100293
"3146",0.0108169900849045
"3147",0.003736778392967
"3148",0.00477960027007407
"3149",0.00467097299120875
"3150",0.00316188940943361
"3151",0.00642258786291203
"3152",0.00477960027007407
"3153",0.00211879187230088
"3154",0.0171269009677654
"3155",0.00513807029032962
"3156",0.00587208033180528
"3157",0.0097868005530088
"3158",0.0128451757258241
"3159",0.00104062183095284
"3160",0.00604478857685838
"3161",0.00622796398827833
"3162",0.018683891964835
"3163",0.0120895771537168
"3164",0.0073401004147566
"3165",0.0093419459824175
"3166",0.0102761405806592
"3167",0.00419434309414663
"3168",0.00622796398827833
"3169",0.00555467058414013
"3170",0.00642258786291203
"3171",0.00233548649560437
"3172",0.00570896698925514
"3173",0.0268073232538937
"3174",0.0108169900849045
"3175",0.00164418249290548
"3176",0.0158094470471681
"3177",0.0124559279765567
"3178",0.00761195598567351
"3179",0.00190298899641838
"3180",0.00263490784119468
"3181",0.00260155457738209
"3182",0.00306750465094306
"3183",0.00270424752122612
"3184",0.0025063757513803
"3185",0.00377106076354468
"3186",0.00598610130912189
"3187",0.00513807029032962
"3188",0.00236233116796764
"3189",0.00380597799283676
"3190",0.00243702938671761
"3191",0.00263490784119468
"3192",0.00622796398827833
"3193",0.00708699350390293
"3194",0.00293604016590264
"3195",0.00311398199413917
"3196",0.00437282577900393
"3197",0.0111093411682803
"3198",0.0036700502073783
"3199",0.00467097299120875
"3200",0.00380597799283676
"3201",0.00662976811655435
"3202",0.00501275150276061
"3203",0.00326226685100293
"3204",0.0120895771537168
"3205",0.00223394360449114
"3206",0.00169853563316682
"3207",0.00136107822260387
"3208",0.00125318787569015
"3209",0.00395236176179202
"3210",0.00171269009677654
"3211",0.0073401004147566
"3212",0.00342538019355308
"3213",0.00555467058414013
"3214",0.0342538019355308
"3215",0.00297859147265485
"3216",0.00761195598567351
"3217",0.00385355271774722
"3218",0.0114179339785103
"3219",0.00540849504245223
"3220",0.00526981568238936
"3221",0.0036700502073783
"3222",0.00177174837597573
"3223",0.00263490784119468
"3224",0.00203487932290282
"3225",0.00216339801698089
"3226",0.00199536710304063
"3227",0.00428172524194135
"3228",0.0146802008295132
"3229",0.00168461320994414
"3230",0.00570896698925514
"3231",0.00708699350390293
"3232",0.0097868005530088
"3233",0.0205522811613185
"3234",0.00216339801698089
"3235",0.0093419459824175
"3236",0.00587208033180528
"3237",0.00906718286528757
"3238",0.00501275150276061
"3239",0.003736778392967
"3240",0.00477960027007407
"3241",0.00662976811655435
"3242",0.0108169900849045
"3243",0.00790472352358403
"3244",0.00513807029032962
"3245",0.0137015207742123
"3246",0.0097868005530088
"3247",0.00331488405827718
"3248",0.00604478857685838
"3249",0.0108169900849045
"3250",0.0228358679570205
"3251",0.0073401004147566
"3252",0.018683891964835
"3253",0.0195736011060176
"3254",0.00526981568238936
"3255",0.00360566336163482
"3256",0.0102761405806592
"3257",0.00321129393145601
"3258",0.00555467058414013
"3259",0.0102761405806592
"3260",0.00893577441796456
"3261",0.0036700502073783
"3262",0.00790472352358403
"3263",0.00555467058414013
"3264",0.0117441606636106
"3265",0.0124559279765567
"3266",0.00662976811655435
"3267",0.00587208033180528
"3268",0.0048934002765044
"3269",0.0143388008102222
"3270",0.00642258786291203
"3271",0.0102761405806592
"3272",0.0205522811613185
"3273",0.00790472352358403
"3274",0.0158094470471681
"3275",0.0205522811613185
"3276",0.041104562322637
"3277",0.0685076038710616
"3278",0.0102761405806592
"3279",0.00893577441796456
"3280",0.0093419459824175
"3281",0.0158094470471681
"3282",0.00708699350390293
"3283",0.0108169900849045
"3284",0.0120895771537168
"3285",0.0114179339785103
"3286",0.0158094470471681
"3287",0.00321129393145601
"3288",0.00685076038710616
"3289",0.00662976811655435
"3290",0.00467097299120875
"3291",0.0146802008295132
"3292",0.0158094470471681
"3293",0.0102761405806592
"3294",0.00540849504245223
"3295",0.0082209124645274
"3296",0.0108169900849045
"3297",0.0093419459824175
"3298",0.00456717359140411
"3299",0.00790472352358403
"3300",0.0108169900849045
"3301",0.00526981568238936
"3302",0.0137015207742123
"3303",0.0216339801698089
"3304",0.0120895771537168
"3305",0.00446788720898228
"3306",0.0082209124645274
"3307",0.018683891964835
"3308",0.018683891964835
"3309",0.0205522811613185
"3310",0.0205522811613185
"3311",0.0093419459824175
"3312",0.00513807029032962
"3313",0.0137015207742123
"3314",0.00708699350390293
"3315",0.0122700186037722
"3316",0.00587208033180528
"3317",0.0102761405806592
"3318",0.0073401004147566
"3319",0.0082209124645274
"3320",0.0216339801698089
"3321",0.00306750465094306
"3322",0.0158094470471681
"3323",0.0097868005530088
"3324",0.00477960027007407
"3325",0.0085634504838827
"3326",0.0085634504838827
"3327",0.00761195598567351
"3328",0.00761195598567351
"3329",0.0120895771537168
"3330",0.0048934002765044
"3331",0.00642258786291203
"3332",0.00685076038710616
"3333",0.00395236176179202
"3334",0.0082209124645274
"3335",0.0082209124645274
"3336",0.000492860459504041
"3337",0.00685076038710616
"3338",0.0158094470471681
"3339",0.0137015207742123
"3340",0.0146802008295132
"3341",0.0120895771537168
"3342",0.00761195598567351
"3343",0.0108169900849045
"3344",0.00203487932290282
"3345",0.0085634504838827
"3346",0.00467097299120875
"3347",0.00467097299120875
"3348",0.0114179339785103
"3349",0.0128451757258241
"3350",0.00085634504838827
"3351",0.00708699350390293
"3352",0.00642258786291203
"3353",0.018683891964835
"3354",0.0171269009677654
"3355",0.00685076038710616
"3356",0.0082209124645274
"3357",0.00761195598567351
"3358",0.0073401004147566
"3359",0.00622796398827833
"3360",0.018683891964835
"3361",0.0280258379472525
"3362",0.000832076160377267
"3363",0.00293604016590264
"3364",0.018683891964835
"3365",0.00790472352358403
"3366",0.018683891964835
"3367",0.0108169900849045
"3368",0.00540849504245223
"3369",0.0171269009677654
"3370",0.0120895771537168
"3371",0.0120895771537168
"3372",0.018683891964835
"3373",0.0097868005530088
"3374",0.0102761405806592
"3375",0.0216339801698089
"3376",0.0048934002765044
"3377",0.00790472352358403
"3378",0.00570896698925514
"3379",0.0128451757258241
"3380",0.00540849504245223
"3381",0.00395236176179202
"3382",0.00348343748496924
"3383",0.0166640117524204
"3384",0.00306750465094306
"3385",0.0082209124645274
"3386",0.00142724174731378
"3387",0.0082209124645274
"3388",0.0380597799283676
"3389",0.00336922641988828
"3390",0.0237141705707521
"3391",0.0097868005530088
"3392",0.0246627373935822
"3393",0.0114179339785103
"3394",0.0108169900849045
"3395",0.0198893043496631
"3396",0.00622796398827833
"3397",0.00604478857685838
"3398",0.00685076038710616
"3399",0.00708699350390293
"3400",0.0102761405806592
"3401",0.00622796398827833
"3402",0.00761195598567351
"3403",0.000652453370200587
"3404",0.0082209124645274
"3405",0.00685076038710616
"3406",0.00642258786291203
"3407",0.0128451757258241
"3408",0.0146802008295132
"3409",0.0093419459824175
"3410",0.0274030415484247
"3411",0.0513807029032962
"3412",0.0108169900849045
"3413",0.0137015207742123
"3414",0.0108169900849045
"3415",0.00761195598567351
"3416",0.00256903514516481
"3417",0.00387778889836198
"3418",0.0041104562322637
"3419",0.0114179339785103
"3420",0.0097868005530088
"3421",0.0137015207742123
"3422",0.0105396313647787
"3423",0.0102761405806592
"3424",0.00326226685100293
"3425",0.0082209124645274
"3426",0.00761195598567351
"3427",0.0093419459824175
"3428",0.00662976811655435
"3429",0.00570896698925514
"3430",0.0102761405806592
"3431",0.0073401004147566
"3432",0.0195736011060176
"3433",0.0041104562322637
"3434",0.00513807029032962
"3435",0.00428172524194135
"3436",0.00402985905123892
"3437",0.0128451757258241
"3438",0.0013090624943515
"3439",0.0108169900849045
"3440",0.0085634504838827
"3441",0.000667281855886964
"3442",0.0120895771537168
"3443",0.00622796398827833
"3444",0.0102761405806592
"3445",0.0085634504838827
"3446",0.0093419459824175
"3447",0.000663404814761733
"3448",0.000417729291896717
"3449",0.00281538098100253
"3450",0.0137015207742123
"3451",0.000859928082063535
"3452",0.000401411741432002
"3453",0.00119258884881925
"3454",0.000798146841216252
"3455",0.000235151958367488
"3456",0.00342538019355308
"3457",0.000960386970155069
"3458",0.00570896698925514
"3459",0.0128451757258241
"3460",0.0082209124645274
"3461",0.00893577441796456
"3462",0.00218641288950197
"3463",0.00306750465094306
"3464",0.0114179339785103
"3465",0.00419434309414663
"3466",0.00708699350390293
"3467",0.0082209124645274
"3468",0.00446788720898228
"3469",0.00402985905123892
"3470",0.00708699350390293
"3471",0.0123313686967911
"3472",0.00451698487061945
"3473",0.00118799313071205
"3474",0.00428172524194135
"3475",0.00223394360449114
"3476",0.003736778392967
"3477",0.00380597799283676
"3478",0.00622796398827833
"3479",0.0114179339785103
"3480",0.00277733529207007
"3481",0.0048358308614867
"3482",0.000925778430690022
"3483",0.000502500761890428
"3484",0.000859928082063535
"3485",0.00642258786291203
"3486",0.0097868005530088
"3487",0.00102250155031435
"3488",0.00790472352358403
"3489",0.00662976811655435
"3490",0.00790472352358403
"3491",0.0048934002765044
"3492",0.00326226685100293
"3493",0.00428172524194135
"3494",0.00387778889836198
"3495",0.0097868005530088
"3496",0.00708699350390293
"3497",0.00685076038710616
"3498",0.00326226685100293
"3499",0.00526981568238936
"3500",0.00321129393145601
"3501",0.00380597799283676
"3502",0.00270424752122612
"3503",0.00297859147265485
"3504",0.00522515622745385
"3505",0.00642258786291203
"3506",0.0085634504838827
"3507",0.00570896698925514
"3508",0.00555467058414013
"3509",0.0036700502073783
"3510",0.00238980013503703
"3511",0.0102761405806592
"3512",0.00395236176179202
"3513",0.00570896698925514
"3514",0.00555467058414013
"3515",0.00555467058414013
"3516",0.0073401004147566
"3517",0.00331488405827718
"3518",0.00342538019355308
"3519",0.00342538019355308
"3520",0.0023759862614241
"3521",0.00228358679570205
"3522",0.00467097299120875
"3523",0.00477960027007407
"3524",0.00467097299120875
"3525",0.00913434718280822
"3526",0.00570896698925514
"3527",0.0082209124645274
"3528",0.00673845283977655
"3529",0.00622796398827833
"3530",0.0082209124645274
"3531",0.0036700502073783
"3532",0.00175660522746312
"3533",0.00197618088089601
"3534",0.00662976811655435
"3535",0.00513807029032962
"3536",0.00277733529207007
"3537",0.00540849504245223
"3538",0.0293604016590264
"3539",0.0256903514516481
"3540",0.0171269009677654
"3541",0.00685076038710616
"3542",0.00467097299120875
"3543",0.00555467058414013
"3544",0.0073401004147566
"3545",0.00587208033180528
"3546",0.00673845283977655
"3547",0.00380597799283676
"3548",0.00360566336163482
"3549",0.0085634504838827
"3550",0.007473556785934
"3551",0.00761195598567351
"3552",0.0176162409954158
"3553",0.0041104562322637
"3554",0.00708699350390293
"3555",0.00342538019355308
"3556",0.00893577441796456
"3557",0.00604478857685838
"3558",0.00285448349462757
"3559",0.0118570852853761
"3560",0.00570896698925514
"3561",0.00437282577900393
"3562",0.0036700502073783
"3563",0.00342538019355308
"3564",0.00342538019355308
"3565",0.00642258786291203
"3566",0.00395236176179202
"3567",0.00437282577900393
"3568",0.0085634504838827
"3569",0.000978680055300881
"3570",0.0228358679570205
"3571",0.0082209124645274
"3572",0.00306750465094306
"3573",0.0114179339785103
"3574",0.00342538019355308
"3575",0.0085634504838827
"3576",0.00118116558398382
"3577",0.00893577441796456
"3578",0.00555467058414013
"3579",0.00230924507430545
"3580",0.00277733529207007
"3581",0.0146802008295132
"3582",0.0109612166193699
"3583",0.0195736011060176
"3584",0.00721132672326965
"3585",0.0158094470471681
"3586",0.00540849504245223
"3587",0.0102761405806592
"3588",0.0114179339785103
"3589",0.0146802008295132
"3590",0.00893577441796456
"3591",0.0085634504838827
"3592",0.0146802008295132
"3593",0.0158094470471681
"3594",0.0093419459824175
"3595",0.03736778392967
"3596",0.0158094470471681
"3597",0.0097868005530088
"3598",0.0146802008295132
"3599",0.041104562322637
"3600",0.0102761405806592
"3601",0.0171269009677654
"3602",0.0205522811613185
"3603",0.0102761405806592
"3604",0.0171269009677654
"3605",0.018683891964835
"3606",0.000732701645679803
"3607",0.0256903514516481
"3608",0.000606261981159837
"3609",0.00761195598567351
"3610",0.000395236176179202
"3611",0.0108169900849045
"3612",0.0114179339785103
"3613",0.000292351083375796
"3614",0.00526981568238936
"3615",0.000613500930188612
"3616",0.0082209124645274
"3617",0.0171269009677654
"3618",0.0228358679570205
"3619",0.00642258786291203
"3620",0.0164418249290548
"3621",0.0128451757258241
"3622",0.0014052841819705
"3623",0.0097868005530088
"3624",0.0120895771537168
"3625",0.00685076038710616
"3626",0.0166640117524204
"3627",0.00277733529207007
"3628",0.0085634504838827
"3629",0.0082209124645274
"3630",0.00790472352358403
"3631",0.00428172524194135
"3632",0.00501275150276061
"3633",0.00513807029032962
"3634",0.00402985905123892
"3635",0.0114179339785103
"3636",0.00428172524194135
"3637",0.00587208033180528
"3638",0.00790472352358403
"3639",0.0171269009677654
"3640",0.0085634504838827
"3641",0.0283479740156117
"3642",0.000583871623901093
"3643",0.00297859147265485
"3644",0.00622796398827833
"3645",0.00790472352358403
"3646",0.00570896698925514
"3647",0.000290697046128974
"3648",0.00587208033180528
"3649",0.00207598799609278
"3650",0.0093419459824175
"3651",0.0073401004147566
"3652",0.0216339801698089
"3653",0.0128451757258241
"3654",0.00662976811655435
"3655",0.0102761405806592
"3656",0.0073401004147566
"3657",0.0274030415484247
"3658",0.0137015207742123
"3659",0.0268073232538937
"3660",0.0205522811613185
"3661",0.00029915984223171
"3662",0.00207598799609278
"3663",0.00790472352358403
"3664",0.00642258786291203
"3665",0.000304478239426941
"3666",0.0108169900849045
"3667",0.000277733529207007
"3668",0.00604478857685838
"3669",0.00708699350390293
"3670",0.00555467058414013
"3671",0.00402985905123892
"3672",0.000487020880599964
"3673",0.0114179339785103
"3674",0.00604478857685838
"3675",0.00477960027007407
"3676",0.000309522306646363
"3677",0.000315219036216541
"3678",0.0048934002765044
"3679",0.0085634504838827
"3680",0.00402985905123892
"3681",0.00365554408007641
"3682",0.00501275150276061
"3683",0.0128451757258241
"3684",0.00437282577900393
"3685",0.00513807029032962
"3686",0.00622796398827833
"3687",0.018683891964835
"3688",0.0024467001382522
"3689",0.0073401004147566
"3690",0.00049523569063418
"3691",0.0120895771537168
"3692",0.0128451757258241
"3693",0.00419434309414663
"3694",0.00105939593615044
"3695",0.0085634504838827
"3696",0.0256903514516481
"3697",0.00513807029032962
"3698",0.0171269009677654
"3699",0.0073401004147566
"3700",0.00761195598567351
"3701",0.102761405806592
"3702",0.0513807029032962
"3703",0.00354349675195146
"3704",0.041104562322637
"3705",0.00123808922658545
"3706",0.0241791543074335
"3707",0.00622796398827833
"3708",0.000964895829169882
"3709",0.00402985905123892
"3710",0.00622796398827833
"3711",0.000592284759692175
"3712",0.0102761405806592
"3713",0.00446788720898228
"3714",0.0128451757258241
"3715",0.0085634504838827
"3716",0.00613500930188612
"3717",0.00293604016590264
"3718",0.0102761405806592
"3719",0.00568265838561802
"3720",0.00253731866189117
"3721",0.00456717359140411
"3722",0.0117441606636106
"3723",0.0036700502073783
"3724",0.00616568434839555
"3725",0.0085634504838827
"3726",0.00622796398827833
"3727",0.0120895771537168
"3728",0.00360566336163482
"3729",0.00761195598567351
"3730",0.00893577441796456
"3731",0.000435429685621154
"3732",0.00119316581488061
"3733",0.000436354164783832
"3734",0.00387778889836198
"3735",0.00032012899005169
"3736",0.00061167503456305
"3737",0.000969447224590495
"3738",0.000126553455426838
"3739",0.000220636405381841
"3740",0.00331488405827718
"3741",0.00477960027007407
"3742",0.00761195598567351
"3743",0.0085634504838827
"3744",0.00203487932290282
"3745",0.00513807029032962
"3746",0.00150016650812544
"3747",0.00384154788062028
"3748",0.00306750465094306
"3749",0.00306750465094306
"3750",0.00342538019355308
"3751",0.00501275150276061
"3752",0.00238980013503703
"3753",0.00225849243530972
"3754",0.00190298899641838
"3755",0.00501275150276061
"3756",0.00342538019355308
"3757",0.018683891964835
"3758",0.00326226685100293
"3759",0.0108169900849045
"3760",0.00342538019355308
"3761",0.00281538098100253
"3762",0.00622796398827833
"3763",0.00501275150276061
"3764",0.00622796398827833
"3765",0.003736778392967
"3766",0.00354349675195146
